-- users
INSERT INTO users (id, username, password, email) VALUES 
(1, 'bpittam0', 'bW5,QAMOP@hMv', 'lespinha0@java.com'),
(2, 'cjendas1', 'tG3=OPfm', 'slosbie1@youtu.be'),
(3, 'cmegarry2', 'eA5#w,0LhKXgpBR#', 'bstorek2@parallels.com'),
(4, 'trowatt3', 'nQ2#lyvL', 'dhurran3@canalblog.com'),
(5, 'nwimes4', 'lN1#Wb?U@t_/', 'gmusson4@blogs.com'),
(6, 'rhundy5', 'kU3`/KjHU3T,(J', 'cdanbye5@technorati.com'),
(7, 'cobeirne6', 'zH4@18%G+WNv19|\', 'ndymoke6@github.io'),
(8, 'kcaile7', 'vZ4{kOW}r.KsZI\$', 'gkerwen7@vkontakte.ru'),
(9, 'ajelliman8', 'lD4,7IfOJ', 'tcrossman8@ehow.com'),
(10, 'ccaught9', 'lN5,D3ebsaLHN1a', 'nsambidge9@stumbleupon.com'),
(11, 'mliddiatta', 'zY8&IVP3dr9F''r', 'khurlstona@delicious.com'),
(12, 'jschutteb', 'fG1>{TmDP23hEA', 'lbeadmanb@tumblr.com'),
(13, 'apechc', 'yN1*B~9Y', 'adalliwaterc@chron.com'),
(14, 'damphlettd', 'cP9.o#W{', 'ablenkinshipd@latimes.com'),
(15, 'fworhame', 'sB8&e5W4B', 'ecockrane@redcross.org'),
(16, 'jgodboldf', 'sG7$VZ)b$N', 'thabertf@ow.ly'),
(17, 'neckersallg', 'bT6=y.vN~''', 'csandayg@free.fr'),
(18, 'aklimentovh', 'qB8=4wc,', 'csealeh@fc2.com'),
(19, 'irowleri', 'mF5|6r1E1#uJKc', 'ovideleri@sbwire.com'),
(20, 'tbrisj', 'bF4,wBnCXYVgd', 'aheldj@sakura.ne.jp'),
(21, 'ejehank', 'tO0(y5J,oo`Bk"', 'wcodik@statcounter.com'),
(22, 'atolcharl', 'sR2.VrCoO!''V', 'bpaulinl@livejournal.com'),
(23, 'ffransonim', 'aY7%5g1F/OO>VuO', 'ccawthram@nifty.com'),
(24, 'hmoxleyn', 'gX2&Q~%+R"_s1bZx', 'houghn@goo.ne.jp'),
(25, 'wcanningso', 'iS2_9a5Bl', 'aalgoreo@flickr.com'),
(26, 'lconeyp', 'yX9|cCt2ic', 'dtraylenp@wp.com'),
(27, 'estonnellq', 'fS2#*2''T!qjZu=#', 'rballingerq@chronoengine.com'),
(28, 'asweetnamr', 'aY0!r?1%', 'bbeeresr@noaa.gov'),
(29, 'fseints', 'oQ7>du2|', 'ccouttss@howstuffworks.com'),
(30, 'ngeydont', 'tZ5~<I!us!rt', 'bnottramt@earthlink.net'),
(31, 'bbrophyu', 'tS2(z1Iqv', 'jborgbartolou@digg.com'),
(32, 'mmartynikhinv', 'eR6<rxYL.5Qg(h', 'mmaesv@illinois.edu'),
(33, 'gkayleyw', 'kG4*!wuG(s8Se', 'lscotchfordw@instagram.com'),
(34, 'chawsex', 'lK6>zp?$~W', 'mfillgatex@independent.co.uk'),
(35, 'lsacazey', 'fT9}Y\Di(.Y%hc`', 'kkaspery@businesswire.com'),
(36, 'jvickz', 'eB0=(>|@P%D~$N', 'fsnoddyz@ycombinator.com'),
(37, 'tboyall10', 'oZ9{TPj}hpMpr?', 'kbeckmann10@odnoklassniki.ru'),
(38, 'hmartinuzzi11', 'tA0.PmBYrgLR/wV', 'lpaulin11@slate.com'),
(39, 'cmckinless12', 'nE7&`eaK', 'dhoneywood12@acquirethisname.com'),
(40, 'leasdon13', 'xD8(mvNm&', 'wnorquay13@tripadvisor.com'),
(41, 'gpolkinghorne14', 'xA2~V4xKz0jC!', 'hfunnell14@nydailynews.com'),
(42, 'lelmhirst15', 'uA0=M",p', 'ycometti15@squarespace.com'),
(43, 'ctommaseo16', 'pT0.zt5K''Llx8J~w', 'shallwood16@livejournal.com'),
(44, 'mgravener17', 'oP6!GlWP', 'bmagill17@examiner.com'),
(45, 'vplampin18', 'mV1<q8bi', 'gguerriero18@xinhuanet.com'),
(46, 'rberringer19', 'fV0%Qu\@hB`6<=<', 'aloisi19@blogs.com'),
(47, 'epilbeam1a', 'yU9}\8&m4', 'wgretton1a@rambler.ru'),
(48, 'ltiffany1b', 'lH0%vnNAW)|.F5~', 'lwoodall1b@over-blog.com'),
(49, 'wravenscroftt1c', 'pL7=FsyV', 'gloeber1c@who.int'),
(50, 'rjozsa1d', 'cR6)Y_btr3.F2"c', 'levamy1d@theglobeandmail.com'),
(51, 'uchaucer1e', 'lD0}R&I$A*', 'erusso1e@mozilla.org'),
(52, 'mcafe1f', 'pG8#Odt8WRE6s+', 'pfedder1f@wordpress.com'),
(53, 'vdmiterko1g', 'zK7}\/vsEp4', 'nradclyffe1g@kickstarter.com'),
(54, 'mbraunlein1h', 'gG4_`aNR}a}&', 'dfraczak1h@reverbnation.com'),
(55, 'agobat1i', 'kH9|Zv=Z3', 'uabyss1i@cisco.com'),
(56, 'rhearnshaw1j', 'mM8=h~`5KcA1u', 'druller1j@booking.com'),
(57, 'dhiskey1k', 'aD8=gf},/|A11Wu', 'gvickerman1k@infoseek.co.jp'),
(58, 'ssieghart1l', 'oE8`KoG}@<', 'jloker1l@wsj.com'),
(59, 'bcharpling1m', 'iZ4<}o.)G#''+', 'kwolfer1m@shutterfly.com'),
(60, 'ijaves1n', 'rQ5%"*A9&W', 'sberringer1n@examiner.com'),
(61, 'mtremonte1o', 'eB6@Ra(A#0XdM', 'htrippack1o@vimeo.com'),
(62, 'cdewsnap1p', 'dM6"qAnpln{', 'kitzkov1p@plala.or.jp'),
(63, 'rscardafield1q', 'sX1(}.h?l?lSOyny', 'roakenfall1q@jigsy.com'),
(64, 'hsearl1r', 'tB6"IurHEQ*', 'vnaulty1r@bandcamp.com'),
(65, 'bdolder1s', 'gF1$q5lkNq$', 'ghalegarth1s@wp.com'),
(66, 'goshevlin1t', 'hC0&U}Ziv.sG%Z`', 'cbixley1t@theguardian.com'),
(67, 'frutt1u', 'aN6(pyD*u', 'hdailly1u@netscape.com'),
(68, 'ijugging1v', 'aT0=n2fpk8j', 'dmargach1v@paginegialle.it'),
(69, 'wbunner1w', 'bV1&sE.9', 'eberisford1w@reddit.com'),
(70, 'kchristal1x', 'iS9%''<*fRyL', 'awilliams1x@discovery.com'),
(71, 'emarshalleck1y', 'xT6|Z"xbhx|qS', 'kaldington1y@usatoday.com'),
(72, 'aburchnall1z', 'mD1''a9`.', 'cbedbrough1z@oracle.com'),
(73, 'dghidelli20', 'cL1~Sw>l,p?vn', 'mharrington20@wp.com'),
(74, 'slowndes21', 'mX9|dcu+', 'wzoanetti21@nifty.com'),
(75, 'ebragginton22', 'uG6&v<E#a', 'pgilstin22@yellowpages.com'),
(76, 'jberthelmot23', 'yN3~Fy8Rn?=nZx', 'mchatan23@moonfruit.com'),
(77, 'bdanilovitch24', 'oM1$wVDglSG', 'ttrumble24@addthis.com'),
(78, 'zdaburn25', 'rF6_jy1zk/K', 'asillito25@ted.com'),
(79, 'achatan26', 'aR6?lF6T''P', 'flemmer26@independent.co.uk'),
(80, 'btallman27', 'xS2>\"u8olP#', 'rjurisic27@telegraph.co.uk'),
(81, 'cbarthropp28', 'cM1\GzV&', 'tkock28@businessinsider.com'),
(82, 'bberresford29', 'jV4.&#=nM', 'lpantling29@disqus.com'),
(83, 'mbwy2a', 'oX9"KsSQ', 'edominighi2a@uol.com.br'),
(84, 'shew2b', 'zF5(''DlrS', 'rmerredy2b@sbwire.com'),
(85, 'llodewick2c', 'rW8*|V@Ok', 'fdechelle2c@vkontakte.ru'),
(86, 'mbelchambers2d', 'gN3<\z\.S1S#oF', 'jchaudrelle2d@booking.com'),
(87, 'jclawley2e', 'cQ8#1\.+=N3wZ&', 'ljosefovic2e@yahoo.com'),
(88, 'ssevern2f', 'nD3=|Y''=E.?e9P', 'abrackenbury2f@umich.edu'),
(89, 'kbotha2g', 'uS5@+|=$<nE{dM', 'jpuleston2g@photobucket.com'),
(90, 'bappleby2h', 'qJ5=EmrY_TCv=9ir', 'bbrekonridge2h@ebay.co.uk'),
(91, 'hwillmer2i', 'qP5=Uf)Z', 'sbarrabeale2i@example.com'),
(92, 'dmccaull2j', 'vB3%{jh@tx', 'fgoodale2j@cnet.com'),
(93, 'klemarquand2k', 'gP9`%vV|%EAhe`', 'edanton2k@wikispaces.com'),
(94, 'cvidineev2l', 'cJ0,BM.45=I<h', 'nbitterton2l@yahoo.co.jp'),
(95, 'fhunter2m', 'dZ2(K4WT@S<s{&SB', 'lrobet2m@guardian.co.uk'),
(96, 'rdoale2n', 'vY9=*95k>WGe{', 'cmeiklam2n@artisteer.com'),
(97, 'dordelt2o', 'oF5!Fx!R', 'croseburgh2o@mysql.com'),
(98, 'mlarcher2p', 'uX5}~okF3t(''zscw', 'takast2p@lycos.com'),
(99, 'wgeer2q', 'sA5(Z=*nIvN', 'pallott2q@paginegialle.it'),
(100, 'dstickens2r', 'hC3`6ztDoU5', 'smauvin2r@home.pl'),
(101, 'utristram2s', 'lC2=qUxobCfO!fk', 'jreddan2s@newyorker.com'),
(102, 'cmcasparan2t', 'aI9~qQ=$XH8', 'lbillsberry2t@house.gov'),
(103, 'gfulcher2u', 'nX3\\zL{+O1#', 'bclow2u@ihg.com'),
(104, 'ttybalt2v', 'qW3?0gGE36v1V"~U', 'jcrowd2v@goo.gl'),
(105, 'vstancer2w', 'kS2>9vW@m>R0', 'afowley2w@tumblr.com'),
(106, 'pbontein2x', 'vL7@*/@@W', 'llepard2x@hhs.gov'),
(107, 'acunliffe2y', 'bA5..SF,df{<', 'pmcdavid2y@yelp.com'),
(108, 'dfryett2z', 'eC1.ccb.rbrN62', 'tbullough2z@japanpost.jp'),
(109, 'emolyneux30', 'dU9)}4>FEj', 'tgavozzi30@uol.com.br'),
(110, 'estrothers31', 'bD2<Y>i/g', 'rbompas31@squarespace.com'),
(111, 'efould32', 'tK8#1c*"', 'ggrunder32@fda.gov'),
(112, 'lkenton33', 'zC7<FZ_%TSslp', 'dleneve33@sciencedirect.com'),
(113, 'hpilipets34', 'xW2*sG|~wg0yK', 'jcoast34@moonfruit.com'),
(114, 'jpetrushka35', 'lB6+%M$rnMjD', 'rdockreay35@bloglovin.com'),
(115, 'sspriddle36', 'zK7|9q7Sn@2', 'kmuston36@prlog.org'),
(116, 'edefilippi37', 'oF1%dkM%', 'ssmullin37@theatlantic.com'),
(117, 'wslite38', 'yQ5@A~$3aj', 'splackstone38@zimbio.com'),
(118, 'smckeggie39', 'aG0|(1~Auo+Zcz', 'nfairbourn39@kickstarter.com'),
(119, 'nneville3a', 'uQ3''k}b?V`|>>R', 'htydeman3a@sourceforge.net'),
(120, 'lrock3b', 'eL1''hx=PH_', 'orolley3b@g.co'),
(121, 'lmccorkell3c', 'rZ2&p%MqG5pHX$p', 'ctapscott3c@wordpress.com'),
(122, 'larnfield3d', 'hA4\g"Pcw%1<', 'gcarefull3d@netlog.com'),
(123, 'edrayn3e', 'oH2{q@Ng#E8u(j_', 'gmcardell3e@istockphoto.com'),
(124, 'ndimitresco3f', 'eK2+>uyciG5s8', 'qeffnert3f@altervista.org'),
(125, 'edaughtrey3g', 'hV6%Q1iK*weg', 'btemplar3g@princeton.edu'),
(126, 'tisselee3h', 'dM7.ZZOh=DA1V$e>', 'csholl3h@paginegialle.it'),
(127, 'bstiegar3i', 'kP0''Y0&jDJ}', 'bhugonnet3i@earthlink.net'),
(128, 'jkempe3j', 'qF7_U?p2s4HR', 'jguirardin3j@comsenz.com'),
(129, 'deamer3k', 'nJ4{)oiXLG"!`4', 'cnisot3k@opensource.org'),
(130, 'mwaggett3l', 'mN6|aCsK~3U*H!L', 'ctilt3l@purevolume.com'),
(131, 'glapthorn3m', 'aM7)IcEe', 'bingman3m@artisteer.com'),
(132, 'cjeandot3n', 'xK4(b?$\,3}', 'gminocchi3n@storify.com'),
(133, 'cbridie3o', 'mN7\iHLoW', 'ajinkinson3o@blog.com'),
(134, 'gsikora3p', 'aP1\~d+&x#"', 'ajeenes3p@pinterest.com'),
(135, 'rwillan3q', 'xH6*fMAStt)<_2', 'bdincke3q@blogger.com'),
(136, 'lgabler3r', 'eI0(2)7jS', 'bpiser3r@twitpic.com'),
(137, 'pkrol3s', 'mW4|Hoe*SlJ7\', 'gwillstrop3s@wix.com'),
(138, 'ecarbett3t', 'lO1(3RL=KL"X5O', 'erubra3t@wix.com'),
(139, 'kstallworth3u', 'uC0_+>ke8Y%OJ+', 'lbenedicte3u@technorati.com'),
(140, 'swoolbrook3v', 'kD0}?qx6kG>7nz', 'djoris3v@ifeng.com'),
(141, 'bwadie3w', 'qU3/w0w>1/_', 'jcromett3w@myspace.com'),
(142, 'dchin3x', 'tC4_"O(KZKfSZU', 'biddiens3x@yandex.ru'),
(143, 'mmahaddy3y', 'kB4''h&?1<uOsj', 'arustich3y@ted.com'),
(144, 'kcolebeck3z', 'pF0(PAb1', 'rmckernan3z@senate.gov'),
(145, 'mbonifazio40', 'hS4`J}\aa''', 'boglassane40@reference.com'),
(146, 'kbremeyer41', 'zK4*W_h|', 'hbestall41@intel.com'),
(147, 'bkaasman42', 'bT5&"oY|<VNxt5i', 'gmeffin42@redcross.org'),
(148, 'fneicho43', 'aA9.a,MJ_Lp{qt_,', 'ddunan43@vkontakte.ru'),
(149, 'iclaque44', 'jO2}q9|O9{xm3or', 'aburberow44@wikipedia.org'),
(150, 'kfulger45', 'eP1=B\FD2Fh@', 'qborgnet45@sourceforge.net'),
(151, 'dotteridge46', 'iS2$s?URTd.,', 'gfere46@fastcompany.com'),
(152, 'nbenedicto47', 'zU1|.ZB''Qar@na', 'mmunns47@twitpic.com'),
(153, 'echiese48', 'xH0%jvc6', 'aglusby48@friendfeed.com'),
(154, 'atace49', 'uV1/8_e3@Td', 'gmabbot49@ameblo.jp'),
(155, 'ekidner4a', 'mO9=}0=?7/4p,BJg', 'rbickle4a@engadget.com'),
(156, 'ldonaway4b', 'wS3{!hTV', 'vpaddock4b@mac.com'),
(157, 'acrambie4c', 'iP2(Z)7=Om', 'malton4c@state.gov'),
(158, 'cparidge4d', 'lP1|_Y_u,FB''', 'abristoe4d@theguardian.com'),
(159, 'lgoold4e', 'kS1,fVra?B*Q', 'fcollins4e@sciencedirect.com'),
(160, 'tmeadmore4f', 'vP1/"P(teDa97fT', 'zmcglaud4f@wix.com'),
(161, 'cdemichele4g', 'mO9!.YY=HI6_|7@0', 'hmcmurty4g@msn.com'),
(162, 'pcamerati4h', 'kK1)geFtE)u$HH=V', 'ldenniston4h@google.ca'),
(163, 'cguilbert4i', 'nD0)+f._xs0vb~.P', 'djanek4i@goodreads.com'),
(164, 'swhinray4j', 'lH6@B0|c=o%0_@qK', 'asmithers4j@ibm.com'),
(165, 'iattestone4k', 'zP4">gK|``0', 'jbrownsmith4k@constantcontact.com'),
(166, 'brivelon4l', 'qI2><{,SF|D', 'bhefforde4l@imageshack.us'),
(167, 'kollin4m', 'xI4''DE>K/IlT', 'tamies4m@google.nl'),
(168, 'rantoniottii4n', 'tN1''Q%(07}(Y8?p', 'hwingeat4n@naver.com'),
(169, 'dshipcott4o', 'fP3?G2}s=|9Z', 'xschultz4o@clickbank.net'),
(170, 'febbett4p', 'uQ5`jJwWDLM\S$', 'mlabrum4p@behance.net'),
(171, 'bstickins4q', 'vU7!W`\,C', 'cdykas4q@sitemeter.com'),
(172, 'asimmers4r', 'nU4+TN9"T8qJ', 'nredish4r@sbwire.com'),
(173, 'cspeachley4s', 'hU5|%S.n0', 'mskillen4s@apache.org'),
(174, 'dhorley4t', 'gZ8%B2?UvIL', 'jhaworth4t@xinhuanet.com'),
(175, 'mdevonport4u', 'cV8@G9Vd458RFfi', 'bfrake4u@house.gov'),
(176, 'dcashin4v', 'hZ1+!{yENx', 'hphear4v@baidu.com'),
(177, 'dcromwell4w', 'oD1&/8#/', 'rhaldenby4w@wikimedia.org'),
(178, 'strewman4x', 'lU6!@Aos?`WT(O', 'cpelham4x@odnoklassniki.ru'),
(179, 'largrave4y', 'uT0\9Tul=', 'sgress4y@ow.ly'),
(180, 'gchallicum4z', 'tO0"W"Wa2', 'hfitzjohn4z@bloglovin.com'),
(181, 'gfrichley50', 'jB0~%Ofhk=H', 'sbordis50@gnu.org'),
(182, 'fyon51', 'pI1/O<2H1)', 'dblachford51@ucla.edu'),
(183, 'srosengren52', 'jD3>6)5FVZ', 'cjohncey52@example.com'),
(184, 'kfosken53', 'hZ2=''B\<W', 'mackroyd53@google.de'),
(185, 'tflory54', 'gC7)3lJV#', 'dtimpany54@imdb.com'),
(186, 'bpavek55', 'jG0?1#Tz4', 'thansmann55@nature.com'),
(187, 'amatokhnin56', 'sO3)PV2/9aV"Jy@V', 'bchurchard56@stanford.edu'),
(188, 'rboxe57', 'nR8_J8U1lKgD', 'etemblett57@about.me'),
(189, 'rhenriet58', 'sD9}6$gi', 'bboller58@upenn.edu'),
(190, 'gsellen59', 'vC0(/Ja&>u4ao', 'kbeange59@google.es'),
(191, 'ptwaits5a', 'vU3}E''+dy!', 'fmarsham5a@about.com'),
(192, 'emartonfi5b', 'uO1!!f*G2c7psF<`', 'cdikle5b@paginegialle.it'),
(193, 'mbollans5c', 'tW0}~kESN!v', 'gbraisted5c@discuz.net'),
(194, 'amatiashvili5d', 'gW1|xA%aBfe`', 'lbeaford5d@rambler.ru'),
(195, 'fyearn5e', 'iI7~EfKx{qmv', 'jgaitley5e@edublogs.org'),
(196, 'rsansun5f', 'qG4/F)%eR', 'ftuma5f@webs.com'),
(197, 'lallsupp5g', 'jP3?KlSx', 'pjames5g@dot.gov'),
(198, 'bdowson5h', 'iX0(~&s,{qR#eO''', 'hinns5h@netlog.com'),
(199, 'kcoggin5i', 'uH1({4Q8', 'gbaterip5i@stanford.edu'),
(200, 'nmarrison5j', 'nL7"NOmY6(@x/@&', 'vkrolik5j@4shared.com'),
(201, 'mhugill5k', 'xG5#1.ffyXqKK<', 'kdepaepe5k@nih.gov'),
(202, 'mriddick5l', 'aW4>GH_*R0Qn8', 'mzannutti5l@com.com'),
(203, 'ltilbury5m', 'tD6?i&oq(o`@ro', 'sdobrowlski5m@spiegel.de'),
(204, 'graubenheim5n', 'hZ7,89nS`Pb', 'tdrewry5n@paginegialle.it'),
(205, 'pocurran5o', 'tY9@%{W_xi\,xnYn', 'qbrosch5o@baidu.com'),
(206, 'dhickford5p', 'gL0&sA''fFlcMN', 'bsivyer5p@cdbaby.com'),
(207, 'coldcroft5q', 'rS5$IUa%eLw', 'afant5q@de.vu'),
(208, 'lbrockway5r', 'aE9<n(2Z./', 'nrobart5r@hao123.com'),
(209, 'wbenmore5s', 'lF1)yE7&,Wp0p', 'glitton5s@salon.com'),
(210, 'mwitherspoon5t', 'uP2*I,w#ZRn,8y@', 'rdiffley5t@hp.com'),
(211, 'janand5u', 'yF3~rtd,sVS|2z<M', 'bboerder5u@com.com'),
(212, 'dgilder5v', 'vJ1#Fnoj,+2/Sm', 'tfetterplace5v@elpais.com'),
(213, 'sdunklee5w', 'yQ9$/0q.+D>`s=w+', 'tpergens5w@hc360.com'),
(214, 'dprewett5x', 'gL6\jRrL12k_oB', 'acrossby5x@jimdo.com'),
(215, 'dkitchener5y', 'xC4\Ap6tJ4poU', 'aisaaksohn5y@google.com'),
(216, 'njecock5z', 'lX8#<V*E', 'gsegrott5z@shop-pro.jp'),
(217, 'hplevey60', 'gE1,m7CYBdw', 'gjacquemet60@bbb.org'),
(218, 'gballister61', 'yB8/Mu&DEG', 'jquarrie61@patch.com'),
(219, 'chrachovec62', 'yU0_I,1B.xisB', 'sbayly62@oracle.com'),
(220, 'mabelson63', 'gE3"(2nOUrVsX', 'elingner63@chron.com'),
(221, 'amartignoni64', 'sQ2`8.+6?', 'dblamey64@dedecms.com'),
(222, 'evegas65', 'oW4~c73kWI', 'cbucktharp65@pcworld.com'),
(223, 'amcdill66', 'gC8''sK<I', 'rgiacobbo66@jiathis.com'),
(224, 'jnuttall67', 'uX6''c8{,6qT2dks', 'lmazey67@cpanel.net'),
(225, 'mphlippi68', 'fM7=,rZL3', 'asyseland68@taobao.com'),
(226, 'mlodemann69', 'bY5(uCI"G', 'dgiametti69@bravesites.com'),
(227, 'pwedderburn6a', 'eX6*#''c@', 'aravilious6a@themeforest.net'),
(228, 'laberdein6b', 'aB5)on4YW6mc"tfO', 'cnashe6b@nih.gov'),
(229, 'sainge6c', 'eW2_+rUb~x6', 'callen6c@shareasale.com'),
(230, 'bharpham6d', 'bF8=zr~(U<td)I|f', 'dcalrow6d@cpanel.net'),
(231, 'clanghorn6e', 'bP3*O>jTyg.i', 'mdorman6e@uiuc.edu'),
(232, 'bmccomiskey6f', 'wW2&<leZm', 'yyellowlea6f@google.it'),
(233, 'bhawkwood6g', 'pJ1*DLtWgtq', 'abach6g@cyberchimps.com'),
(234, 'bfrostick6h', 'rN0(`QIbf<jeq', 'shobbema6h@smugmug.com'),
(235, 'skilmartin6i', 'qS8_(V>1', 'gboulsher6i@miitbeian.gov.cn'),
(236, 'gcrippin6j', 'aL9|Ryki8vd@0Vw', 'kscheffel6j@etsy.com'),
(237, 'jkroin6k', 'jF6|.TVCY', 'gvasey6k@squarespace.com'),
(238, 'treveland6l', 'mD2}SLg>Rw"Zi6', 'fwisson6l@goo.gl'),
(239, 'feagleston6m', 'dY0*hlks*?', 'tearles6m@ibm.com'),
(240, 'abiagioni6n', 'pO2{dL`P3{81', 'cleader6n@about.me'),
(241, 'sgann6o', 'uM6%n\F)vq', 'jhutcheons6o@google.cn'),
(242, 'mhartlebury6p', 'rV7!P@_t<coU6<', 'gedgerton6p@google.ru'),
(243, 'smalby6q', 'wJ8\TskO{C6', 'lcostellow6q@sourceforge.net'),
(244, 'hfarrants6r', 'sB3/r5Z5', 'bcallf6r@reverbnation.com'),
(245, 'bdufer6s', 'rS1|d''BDA/facYm$', 'gspurdle6s@zimbio.com'),
(246, 'jsmallpeice6t', 'cT0?gETG2ECv(a', 'cjanicki6t@wikispaces.com'),
(247, 'aseabert6u', 'cC3|_YZw!?1y$4', 'pviles6u@creativecommons.org'),
(248, 'gllewhellin6v', 'tW2"A6*<', 'wkeming6v@phoca.cz'),
(249, 'thands6w', 'uC8<>!)m.I\y', 'fharback6w@loc.gov'),
(250, 'msteagall6x', 'oI0"Po1r=W6x\b', 'aitzkin6x@admin.ch'),
(251, 'tdesquesnes6y', 'vZ1}&kYJ', 'gdusting6y@wired.com'),
(252, 'pnoury6z', 'qC9.LcSVs', 'sstag6z@uol.com.br'),
(253, 'gvannoni70', 'nV8/=d#pQ', 'acharrington70@parallels.com'),
(254, 'mgun71', 'yF0>Odz+&ASLr', 'emcilriach71@theguardian.com'),
(255, 'gpengelley72', 'zF8%QmEmho9=fo8!', 'mcromb72@deviantart.com'),
(256, 'hedgson73', 'hD6!,13oqbP', 'fdoche73@earthlink.net'),
(257, 'dkinnach74', 'rW5''Gl+cPr', 'mcollidge74@chicagotribune.com'),
(258, 'rsille75', 'uK3\<<s,czV9Z)!', 'sstopper75@histats.com'),
(259, 'ggraith76', 'uJ4)T3''RltWJGR', 'pspeddin76@yahoo.co.jp'),
(260, 'ream77', 'dE5@tBxgc', 'fmichelet77@howstuffworks.com'),
(261, 'tbatchelour78', 'xO6}s_KY?', 'bosheeryne78@washingtonpost.com'),
(262, 'nsalsberg79', 'dB2{G4_YWpZ7Y|DN', 'ehouse79@de.vu'),
(263, 'afoxall7a', 'eM3`Ir%$0PZ1~%', 'lrhymer7a@uiuc.edu'),
(264, 'tvogt7b', 'wK6=>P8F9', 'ctuxill7b@shutterfly.com'),
(265, 'hmcclinton7c', 'xN6|ojQ`e|M!8G''N', 'dstovin7c@thetimes.co.uk'),
(266, 'glaban7d', 'eG2~ev?N', 'qrichings7d@squidoo.com'),
(267, 'aforge7e', 'tX0#EA{i~', 'mcorbishley7e@cisco.com'),
(268, 'abernaciak7f', 'hB1/d>2Co4fF', 'bkinvan7f@163.com'),
(269, 'lwybrew7g', 'zQ4\U_uoh', 'lbye7g@amazonaws.com'),
(270, 'aferrini7h', 'zT3_*\$7ud', 'elittrick7h@cafepress.com'),
(271, 'kwithrington7i', 'dY0!<dVn', 'umcclune7i@scribd.com'),
(272, 'tgerrelts7j', 'zW6.3?2Rp9J&B', 'cgait7j@wp.com'),
(273, 'wligertwood7k', 'aM1{$4C_=|', 'zmorrilly7k@ucsd.edu'),
(274, 'tnurse7l', 'pO0&NqLaz''8nUt9m', 'gsawbridge7l@quantcast.com'),
(275, 'tsimmell7m', 'cD2>{5{L{''', 'aivanilov7m@instagram.com'),
(276, 'ecambridge7n', 'jI6=!h2c*', 'ncrosswaite7n@ibm.com'),
(277, 'pgroomebridge7o', 'oQ3?Vs3<5', 'ltanguy7o@ocn.ne.jp'),
(278, 'fswalwell7p', 'bH1<''9vv<N_hPUF_', 'hbelasco7p@newyorker.com'),
(279, 'ebonde7q', 'bE1~L/3CC', 'aweymouth7q@ovh.net'),
(280, 'chehnke7r', 'fD1`I/Yja.3)w~}x', 'cdovington7r@sphinn.com'),
(281, 'ailyas7s', 'lI6*e}I9i4hBgbH''', 'slerer7s@irs.gov'),
(282, 'omurby7t', 'qD1\PRCxvh', 'ghaston7t@yellowbook.com'),
(283, 'gpark7u', 'xA8.e8S&4Je(', 'lperry7u@wired.com'),
(284, 'nchildrens7v', 'fK8+TNcI', 'pvlahos7v@telegraph.co.uk'),
(285, 'fheeks7w', 'pC8*m#n\''Fx0EK~', 'waspinell7w@slideshare.net'),
(286, 'rvolante7x', 'cC6<Wy>Op`gT?2UO', 'icuerdall7x@nps.gov'),
(287, 'lgarrould7y', 'bI7}imM!J/J~o', 'zpearce7y@reference.com'),
(288, 'pvicker7z', 'qE5#iwzI@1L05U', 'thumpatch7z@joomla.org'),
(289, 'dbaggot80', 'gF0?uP>c*', 'fyeo80@mail.ru'),
(290, 'kessame81', 'iR4?E+pJ"wFw''>', 'lballantyne81@squarespace.com'),
(291, 'rbrearty82', 'dT5}9D|8_8t|', 'tcassels82@walmart.com'),
(292, 'apernell83', 'mW3.T/BG!&t41\bu', 'amoorton83@ezinearticles.com'),
(293, 'alangley84', 'uK4?GkrX', 'ccork84@nature.com'),
(294, 'fgonzalvo85', 'wN9+#%}6J', 'bbrookbank85@opera.com'),
(295, 'pciottoi86', 'xS7_x|IBgSY+1', 'ncarlsen86@privacy.gov.au'),
(296, 'dhuxster87', 'uL6"pu?k~(', 'awoollhead87@instagram.com'),
(297, 'epembry88', 'qQ2>ZQ=ZL5', 'ekeppin88@123-reg.co.uk'),
(298, 'esimcock89', 'oY7%O$+zQU', 'lcardiff89@prlog.org'),
(299, 'ykelley8a', 'vE1{p#JKhXfm', 'jgillbanks8a@mail.ru'),
(300, 'mnaisby8b', 'aS0+Q*KCI@3VK=Ey', 'bwicks8b@sciencedirect.com'),
(301, 'cbrecknock8c', 'gN0,\%LS?', 'mmedlar8c@zimbio.com'),
(302, 'rizachik8d', 'sQ6|0rd$"', 'csparham8d@twitter.com'),
(303, 'hsandlin8e', 'nA4&X.JJM"ttY9?i', 'lcoulson8e@friendfeed.com'),
(304, 'gkahane8f', 'dN4"vL(~e15', 'ecoumbe8f@microsoft.com'),
(305, 'nwaggatt8g', 'fC4%wPfWXG}AGuHQ', 'ehendrick8g@rediff.com'),
(306, 'rclere8h', 'oH3<7sDi*=', 'wmeckiff8h@myspace.com'),
(307, 'fwoolpert8i', 'aM2_s+e/Si', 'lbrazur8i@artisteer.com'),
(308, 'grustman8j', 'xQ6!B_Zm_', 'gothick8j@wordpress.org'),
(309, 'bgloucester8k', 'pN2>iZtrwh', 'snerney8k@sourceforge.net'),
(310, 'fembra8l', 'mG8%}?|Y!#W,Umf3', 'cfinci8l@stanford.edu'),
(311, 'rsoigoux8m', 'eK0*\*})|DbT', 'rcoad8m@ebay.com'),
(312, 'gharrold8n', 'iR4*.$JO~U%', 'nfaires8n@walmart.com'),
(313, 'phowler8o', 'bP9<Y4__D{j_b''l', 'rburleton8o@domainmarket.com'),
(314, 'skeford8p', 'gJ4.6Zgm>!w', 'cfurmonger8p@ihg.com'),
(315, 'cricard8q', 'kH2*TX"?TW<==Rrh', 'kcleynman8q@kickstarter.com'),
(316, 'jsutcliff8r', 'kV1,\BlLxRvPf@!3', 'astrewther8r@smugmug.com'),
(317, 'aborg8s', 'zZ0!s)zb.aNpVQ<', 'gcheesman8s@biglobe.ne.jp'),
(318, 'grigts8t', 'fT7$t)X$U', 'mdripp8t@indiatimes.com'),
(319, 'afinan8u', 'aO8~B{B,uo', 'eprinn8u@cpanel.net'),
(320, 'bmacalaster8v', 'qI7/2Q9whP`', 'bpenreth8v@dmoz.org'),
(321, 'wtireman8w', 'yA5)LfH}J!$', 'vbrooks8w@google.cn'),
(322, 'jkilleen8x', 'tN9~@DqK''{A', 'csimms8x@redcross.org'),
(323, 'dadshead8y', 'hS1,VhZC7="&k+', 'adebrick8y@bigcartel.com'),
(324, 'ptrencher8z', 'dA2*j/l@Iz', 'tleach8z@dion.ne.jp'),
(325, 'brubinchik90', 'hF9{HG8#S2t', 'acolliford90@multiply.com'),
(326, 'dbriance91', 'xX6%Afowerb</~G', 'rsoonhouse91@networksolutions.com'),
(327, 'afoort92', 'vN2?52m)sxR3L', 'jceschelli92@slate.com'),
(328, 'nkrishtopaittis93', 'gA9?*uP3nT', 'lbrougham93@thetimes.co.uk'),
(329, 'jwahncke94', 'wW0*!80<l(', 'nscalia94@smh.com.au'),
(330, 'sgrason95', 'nV3"Uk0imd', 'gtreadgold95@angelfire.com'),
(331, 'tnowakowska96', 'jI5~z"nV`fS', 'oheale96@t-online.de'),
(332, 'sfranschini97', 'wO3~=}*ZDcS', 'flivezley97@creativecommons.org'),
(333, 'sbraim98', 'vG6`/"RZpG?|', 'illelweln98@google.es'),
(334, 'aphilcock99', 'tK8=4(A`y|*@X<', 'rmccray99@google.com'),
(335, 'nsoutherell9a', 'yE9)"1e`>''', 'aruos9a@homestead.com'),
(336, 'aronnay9b', 'dZ9>c{J(mA', 'econeybeer9b@boston.com'),
(337, 'rsendall9c', 'tY5{*KzNH|q|', 'dotton9c@pen.io'),
(338, 'dmarrable9d', 'aY2`2j(S%', 'ngillions9d@tuttocitta.it'),
(339, 'awince9e', 'pA8''ljwOB<">', 'cclewer9e@drupal.org'),
(340, 'abunney9f', 'kD4(xzfe=xVp', 'aclayfield9f@over-blog.com'),
(341, 'tholtham9g', 'tA4?.Jrn*s7w', 'tiannitti9g@nps.gov'),
(342, 'gdiprose9h', 'pI0(fL%G,d*N)`', 'fglencross9h@constantcontact.com'),
(343, 'ckruger9i', 'tT8}im(cJ8th+', 'hmaccartney9i@oaic.gov.au'),
(344, 'aelden9j', 'lJ7+vhufb', 'mdraysay9j@uol.com.br'),
(345, 'erisdale9k', 'kR8(h`,l?A`*hOx', 'cchallender9k@whitehouse.gov'),
(346, 'mdwerryhouse9l', 'aM5{q)_(f', 'kchiplin9l@infoseek.co.jp'),
(347, 'tmcard9m', 'zW0){zFI.l', 'jlevi9m@123-reg.co.uk'),
(348, 'wstreet9n', 'yI4$z}DF"', 'erehorek9n@wufoo.com'),
(349, 'fcoldtart9o', 'bH8)sYb,9''+vZ\JV', 'jlombardo9o@noaa.gov'),
(350, 'pemmert9p', 'yA1+BBVke|X/Dc''', 'bcardus9p@sohu.com'),
(351, 'lkubala9q', 'hG2`UOFsh7TQLZ>C', 'bfirminger9q@wikipedia.org'),
(352, 'dbecaris9r', 'cZ9@>Tg}v', 'bgulc9r@cam.ac.uk'),
(353, 'carrundale9s', 'dM1|=3PI%>LE', 'tconstable9s@cloudflare.com'),
(354, 'gguilloux9t', 'tC9,4A/(', 'whumby9t@dagondesign.com'),
(355, 'blovat9u', 'lR1<wZ{aecROb/T', 'tjerg9u@about.me'),
(356, 'gmussett9v', 'fN7)gbTMQ', 'borowane9v@sitemeter.com'),
(357, 'apurslow9w', 'gK1<jXI,G8', 'pbruhnicke9w@a8.net'),
(358, 'mbernardeau9x', 'aZ8''Lb=1`ifW/.s', 'bcroal9x@1und1.de'),
(359, 'dbracchi9y', 'iQ7?9Oq6YW3Y%', 'aklesel9y@berkeley.edu'),
(360, 'gadanet9z', 'oX4@yKu''Xf74CS', 'dholton9z@newyorker.com'),
(361, 'aclelanda0', 'aT7+UT(@e=1yxe', 'lclyanta0@imdb.com'),
(362, 'amacnaira1', 'nI6&.m)>iB{zfN', 'blawlana1@free.fr'),
(363, 'estruisa2', 'qS7?ej/iiucO/4', 'bwheatcrofta2@mapquest.com'),
(364, 'tbusta3', 'wW5''Zm114w,@UUn@', 'wpillansa3@phoca.cz'),
(365, 'ktimothya4', 'tU6,V8kRk,Vx', 'apittwaya4@facebook.com'),
(366, 'jbettenaya5', 'aA4.sOL!d4o', 'econcannona5@yellowpages.com'),
(367, 'tprestona6', 'vD1&d!dzLiIv_', 'gthakea6@weather.com'),
(368, 'rcribbotta7', 'gE6$_,%/', 'aflethama7@jugem.jp'),
(369, 'aboltona8', 'jW7@xuzX', 'mmcteaguea8@bandcamp.com'),
(370, 'lfolkea9', 'aB3&Q,,L', 'averricka9@youku.com'),
(371, 'vnaisbittaa', 'dA3''@0ngoZJo''5,', 'mnormantonaa@nasa.gov'),
(372, 'jverilloab', 'hQ1@Ku&zw', 'ggenikeab@dell.com'),
(373, 'dshawcroftac', 'vP4|)pZn<', 'kdawdryac@360.cn'),
(374, 'grichingsad', 'hO5$w!''9\wi2', 'kwarrad@nyu.edu'),
(375, 'bpaffleyae', 'gY9?''fMa4cWEGkh', 'myoudellae@posterous.com'),
(376, 'mcundeyaf', 'rO0@mzkn9z,VCb', 'skobkeaf@woothemes.com'),
(377, 'aeastcourtag', 'zF4|oqQFi&MqU!', 'mseakag@comcast.net'),
(378, 'fbloanah', 'gJ3@wcen*s/0h', 'scoldrickah@facebook.com'),
(379, 'jmapleai', 'bP0=5Nxrp''7dIisF', 'jsevittai@rambler.ru'),
(380, 'mparlotaj', 'zC8.@*.OcY(Q', 'naucoateaj@printfriendly.com'),
(381, 'crickardak', 'qM8?l)9Wsy2<V*f', 'kbassingdenak@tuttocitta.it'),
(382, 'tpoetzal', 'eL8`Nj0EF$l', 'tmcluckyal@smugmug.com'),
(383, 'cgyrgorwicxam', 'aX7&K$"v', 'rwiginam@weather.com'),
(384, 'clatheyan', 'sW6?pR7&Eawf', 'dkieltyan@tinyurl.com'),
(385, 'egoatmanao', 'tL4$"+~k7/ubcu', 'npettetao@hhs.gov'),
(386, 'dhabberghamap', 'hH8&7W?__M4I(', 'irookap@unc.edu'),
(387, 'cstrankaq', 'nX3{W2c=8A$&', 'ukerryaq@jalbum.net'),
(388, 'odesousaar', 'pZ8''dVWx"b(R', 'ddrainsar@sitemeter.com'),
(389, 'smcknielyas', 'pI6"(`%1sIQ', 'abisphamas@ocn.ne.jp'),
(390, 'hlyddiardat', 'kC7)$gFqm3gmb', 'rwilmottat@hugedomains.com'),
(391, 'eflahyau', 'cE7<nIM8wfoi)$', 'mfarnanau@cdbaby.com'),
(392, 'aleymanav', 'sD1}@g$E/xfg', 'wdoddingav@businessinsider.com'),
(393, 'jtyreaw', 'jV5%.N?kIp(T', 'dgullyaw@bloomberg.com'),
(394, 'clerhinanax', 'nM6|H8.nf5', 'pfinlatorax@craigslist.org'),
(395, 'rvanweedenburgay', 'cL6>''~TOij"?', 'fuzzellay@uol.com.br'),
(396, 'pcorwoodaz', 'mU0>Q?QtLrj''', 'mtoleaz@ox.ac.uk'),
(397, 'mtrumpeterb0', 'uQ6%53z0Es''pvj/z', 'gmullerb0@tinypic.com'),
(398, 'ndallib1', 'jS0\wP?7', 'mdeadmanb1@sakura.ne.jp'),
(399, 'ggrigoryovb2', 'pL4{IN?UVL9/tG', 'mplayfordb2@cnn.com'),
(400, 'csarverb3', 'kQ6}_?>C8LN', 'jmoringb3@noaa.gov'),
(401, 'tfearnallb4', 'uL9\cT=$', 'hlethamb4@homestead.com'),
(402, 'aalderwickb5', 'eI8"UC\jq_\G', 'kpopescub5@gizmodo.com'),
(403, 'msillitoeb6', 'fB1+5L7(,8ZKw>Y!', 'plowdhamb6@netscape.com'),
(404, 'lsawdonb7', 'lZ5@xKWr!uJj7{D', 'kmccotterb7@wikispaces.com'),
(405, 'sbluesb8', 'mM7&MAeq>lC', 'ztansillb8@furl.net'),
(406, 'jhogbourneb9', 'dJ9}<Z+nPNGHf', 'itoshb9@businesswire.com'),
(407, 'ibenedickba', 'yX2`QC6~Cu=A', 'pblaxelandba@amazon.de'),
(408, 'rmacgraghbb', 'vZ0@~/$<\S', 'wbaldoccibb@google.co.uk'),
(409, 'gseacombebc', 'iE6}E1u\A(!H<', 'rcottubc@dailymail.co.uk'),
(410, 'mpeotzbd', 'hC1&Z=!P`3B', 'lbroadeybd@canalblog.com'),
(411, 'kousleybe', 'hK3!k07V', 'dwanderschekbe@rediff.com'),
(412, 'sgosenellbf', 'wE1?&BB/N', 'hwitchbf@fastcompany.com'),
(413, 'dbroubg', 'eC3)21Go\j', 'hcholoninbg@storify.com'),
(414, 'sjezardbh', 'fY8''",v+', 'sdakhnobh@i2i.jp'),
(415, 'apickervancebi', 'fK4.?!R!eUv>Z)zt', 'dfoulghambi@microsoft.com'),
(416, 'akimbleybj', 'wW9~F~h@5"c|H\NF', 'mloudyanbj@nih.gov'),
(417, 'hdeortegabk', 'tD8{LX>p{5vV', 'ccamfieldbk@sfgate.com'),
(418, 'afoulghambl', 'wO6}H8Y85', 'hcastanaresbl@phoca.cz'),
(419, 'ameleskbm', 'zV7"A=/TgS8gR/#i', 'adivinybm@hao123.com'),
(420, 'irobertssonbn', 'iY1=O"1{X', 'cpeakerbn@tamu.edu'),
(421, 'sdulybo', 'jM9+~''`#<=SPd9Vg', 'jdendlebo@ucoz.com'),
(422, 'kfruchonbp', 'fX6<W_tC?n}Wz', 'jmattheusbp@marketwatch.com'),
(423, 'fcuttlerbq', 'fK7,ojC}mQ~+sCCA', 'ggorussobq@buzzfeed.com'),
(424, 'fmccarlbr', 'wX5%X($6x', 'mwilberbr@smugmug.com'),
(425, 'esuddockbs', 'uW5?,MPA<3!', 'jgraverbs@nymag.com'),
(426, 'mtyerbt', 'gV2''@tK*uR4O>2', 'eradnedgebt@auda.org.au'),
(427, 'obeamondbu', 'zM6\LP_YX7', 'mpendleberybu@linkedin.com'),
(428, 'choltawaybv', 'tA3!v,HUAsS"XH', 'ephillinsbv@goo.ne.jp'),
(429, 'mfilippazzobw', 'oK8?nB0ATa', 'mrigglesfordbw@lycos.com'),
(430, 'pmashrobx', 'lC7}</<|1Mbw', 'bwindousbx@miitbeian.gov.cn'),
(431, 'baizikby', 'hJ5@kty.Nx>', 'psimmansby@mlb.com'),
(432, 'cpannettbz', 'wS5~l1gW``W', 'evangobz@google.de'),
(433, 'spresleyc0', 'gN0.UhZKZLO+', 'ibondesenc0@shop-pro.jp'),
(434, 'ptrewmanc1', 'uO7_0pyTjdV', 'cduberryc1@quantcast.com'),
(435, 'hgardinerc2', 'bQ7,*#tiy|Q', 'tfrenchumc2@cocolog-nifty.com'),
(436, 'rwartnabyc3', 'nC7@q=@)\rWWx', 'gmccowanc3@cargocollective.com'),
(437, 'smcwhinneyc4', 'cE2%|yd9g', 'llawiec4@springer.com'),
(438, 'alaffordc5', 'oH1*fq14TZL}', 'jwhildc5@unicef.org'),
(439, 'gbradberryc6', 'hY7`gpXJg', 'gshawyersc6@surveymonkey.com'),
(440, 'jdorosarioc7', 'lU2$g8~c', 'bbushnellc7@clickbank.net'),
(441, 'leakeleyc8', 'nO3{B$_k=81J9ltN', 'bdevlinc8@devhub.com'),
(442, 'tdenhamc9', 'yD4!1hx8', 'abrandonec9@storify.com'),
(443, 'cmeweca', 'zS7<5spn@d', 'fmattiuzzica@livejournal.com'),
(444, 'asirecb', 'lK3.\UTU?C', 'mdrovercb@omniture.com'),
(445, 'ebeavencc', 'gT9&*J2w!nFqP', 'jdurandcc@joomla.org'),
(446, 'ieastopcd', 'gD7>w{#719`>', 'tsayerscd@walmart.com'),
(447, 'taikettce', 'lB8\eU"1', 'ibennikece@utexas.edu'),
(448, 'bduffilcf', 'bZ2''JwC4BpxE,au', 'droebuckcf@wordpress.com'),
(449, 'pfransescg', 'sV2%9|c$l', 'tpattoncg@weather.com'),
(450, 'imcowanch', 'qU4+VWl$=}d}', 'rphliponch@usa.gov'),
(451, 'gofieldci', 'iL4.Gq_yEXrv', 'bbageci@bloomberg.com'),
(452, 'oabbecj', 'yP0<9S4!CB', 'lcutcheycj@tripod.com'),
(453, 'acorkishck', 'sG7|#GSZu<52LTse', 'eblebyck@goo.ne.jp'),
(454, 'kgerghercl', 'hL0/bN%tC|m', 'jdaymentcl@vistaprint.com'),
(455, 'cnaylorcm', 'cE5)W`qZ<I93df>o', 'lastincm@deliciousdays.com'),
(456, 'ccrosiocn', 'qH2`$Nw?#d!!Y', 'lboddcn@ihg.com'),
(457, 'creveleyco', 'dH2|BWx_vnH`Y~i', 'agriceco@nps.gov'),
(458, 'rmarconecp', 'kD0,klgbbD`nru9Z', 'amateocp@skyrock.com'),
(459, 'hbenedictcq', 'bF1*1Z3,XrN', 'mbuddencq@wikispaces.com'),
(460, 'kantonellinicr', 'uR8\#HDc', 'blarwaycr@etsy.com'),
(461, 'jhounshamcs', 'dJ3{{FW>Ro.n', 'scritchcs@live.com'),
(462, 'jbachanskict', 'jP3}Q0jy0vBEX', 'gvasselct@mapy.cz'),
(463, 'dabbesscu', 'hS6>uzLbDwxK', 'dthallercu@g.co'),
(464, 'aandreecv', 'jZ2.''EY.cqMt?*', 'boshieldscv@ucoz.ru'),
(465, 'elagencw', 'rZ5<xXw9Ex(', 'jzanioletticw@census.gov'),
(466, 'jhellincx', 'uF6`9mzam', 'kdinckecx@unicef.org'),
(467, 'mitzkovicicy', 'vK4.Fa_&(o', 'acarrcy@icio.us'),
(468, 'lbeggicz', 'vP4{{Q9''.1(', 'fblamirecz@jugem.jp'),
(469, 'bhannentd0', 'nW2!**X5I''`nI''pN', 'acrathorned0@nytimes.com'),
(470, 'bmuatd1', 'vB8<1QH$ds}yZ', 'bgorsd1@twitpic.com'),
(471, 'lodgersd2', 'pG4!a|o.m+u', 'jmapsond2@dot.gov'),
(472, 'ebenettellid3', 'pC8}p4*9%DqT`y', 'llethleyd3@dagondesign.com'),
(473, 'gwarlawed4', 'kM0/Eoy{E{(k', 'smantond4@ifeng.com'),
(474, 'rcarmed5', 'tQ7{1gQy/sp', 'dkissockd5@discuz.net'),
(475, 'lvongrollmannd6', 'bD0}j`Te|4XC,TDg', 'dschonfeldd6@walmart.com'),
(476, 'tsellyd7', 'kE8{M=5=', 'esouttard7@tripod.com'),
(477, 'aneevesd8', 'mO1/L"I''.ks06va5', 'criggeyd8@slashdot.org'),
(478, 'alorentzd9', 'sK6)&i54)t<\\', 'slered9@bizjournals.com'),
(479, 'mheninghemda', 'gV8)4z+PbspZ<C', 'dantcliffeda@cdbaby.com'),
(480, 'ahawkendb', 'qG5*MB$c', 'vbudgendb@xinhuanet.com'),
(481, 'dtysondc', 'pL3>m0?/', 'acuthbertdc@addthis.com'),
(482, 'botoweydd', 'oL3,i?*"C.f8', 'ccallejadd@phpbb.com'),
(483, 'tsimsonde', 'fC3/s#Ir%', 'asyresde@opensource.org'),
(484, 'aesslemontdf', 'eM0>1b={eLz<9', 'lguerrerodf@chron.com'),
(485, 'sbollesdg', 'rE6)''3a#q|#NQky', 'fkneeldg@google.pl'),
(486, 'mshulemdh', 'jF8<o}~wH#zbBF', 'dveldedh@tamu.edu'),
(487, 'pheisterdi', 'oW6<l@6|5rGQ<c#', 'mcelladi@umich.edu'),
(488, 'pcrandondj', 'rO5$/PlN!#', 'smanuauddj@bluehost.com'),
(489, 'nbatchelourdk', 'eA0$80_p', 'ksimonddk@ycombinator.com'),
(490, 'hjosilevichdl', 'pA4)2NWeYo*"g.`t', 'smckiernandl@macromedia.com'),
(491, 'bcurtisdm', 'dT8<K`GCL(I)Y', 'asausmandm@stanford.edu'),
(492, 'ecastelindn', 'qL6$G/.p=q#|X<', 'tnajeradn@bbb.org'),
(493, 'vkarpmanndo', 'xN7|)h_{/Ij', 'echenerydo@craigslist.org'),
(494, 'msuggatedp', 'iQ4%po3=PPWVIg', 'rspatonidp@ucla.edu'),
(495, 'jmordacaidq', 'aJ5?s}t`q4H`6&f>', 'wfattorinidq@mozilla.com'),
(496, 'dstlouisdr', 'kQ6.jzQeOAvJH$', 'aporkissdr@over-blog.com'),
(497, 'hpitfieldds', 'yR4#$EE#', 'rkampshellds@ning.com'),
(498, 'pquaredt', 'xS7''+9+zo8fE?MR', 'talenikovdt@cnn.com'),
(499, 'cgatesdu', 'mK3+=jm568yk"Q', 'loheynedu@independent.co.uk'),
(500, 'rpiffdv', 'tZ1`luy9Y%', 'phorneydv@squidoo.com');

-- books
insert into books (id, isbn, title, author, publisher, edition) values 
(1, '499064203-1', 'Thirst (a.k.a. Three Strange Loves) (Törst)', 'Greggory Martinello', 'Dooley-Ward', 'n/a'),
(2, '923523242-2', 'Twentynine Palms', 'Husain Saville', 'Runolfsson-Grady', 'n/a'),
(3, '953040161-2', 'Underneath', 'Margarethe Bradman', 'Pouros Inc', 'seventh edition'),
(4, '218738172-2', 'Battlefield Baseball (Jigoku kôshien)', 'Sonya Pietzner', 'Yost-Oberbrunner', 'fith edition'),
(5, '170819803-2', 'Johnny Eager', 'Virgilio Crosi', 'Rempel, Frami and Spencer', 'ninth edition'),
(6, '830680927-0', 'Man in the Saddle', 'Erinn Robottom', 'Gorczany Inc', 'n/a'),
(7, '513760673-1', 'Purple Violets', 'Cull Linforth', 'Daniel-Homenick', 'ninth edition'),
(8, '924166404-5', 'Evil Aliens', 'Tonie Grise', 'Runte Group', 'sixth edition'),
(9, '704373676-5', 'Pit and the Pendulum, The', 'Kanya Sterling', 'Graham-Rippin', 'fourth edition'),
(10, '882384720-6', 'Youth in Revolt', 'Petey Smallsman', 'Spencer-Fahey', 'sixth edition'),
(11, '359066600-5', 'Shanghaied', 'Carver Capstick', 'Jacobson LLC', 'fith edition'),
(12, '412548262-4', 'Fury', 'Helga Kob', 'Roberts, Spencer and Shields', 'fourth edition'),
(13, '147816518-9', 'Shadows in Paradise (Varjoja paratiisissa)', 'Karisa Suff', 'Windler-Koelpin', 'fith edition'),
(14, '214901086-0', 'Amuck!', 'Marci Clemmett', 'Hyatt, Hahn and Kiehn', 'seventh edition'),
(15, '424507513-9', 'Lord Jim', 'Cull Atwel', 'Schumm-D''Amore', 'first edition'),
(16, '776419965-6', 'Trench Road (Juoksuhaudantie)', 'Gregorio Eastman', 'Lang, Sawayn and Johnston', 'fith edition'),
(17, '515381876-4', 'Blue and the Gray, The', 'Dorthea Corkell', 'Kuhic and Sons', 'second edition'),
(18, '041838926-8', 'Mood Indigo (L''écume des jours)', 'Curtice Worrall', 'Collier-Doyle', 'fourth edition'),
(19, '507287543-1', 'Alaska: Silence & Solitude', 'Lorilee Tyer', 'Jacobson and Sons', 'seventh edition'),
(20, '207233131-5', 'Resurrect Dead: The Mystery of the Toynbee Tiles', 'Penrod Carpe', 'Rohan and Sons', 'eighth edition'),
(21, '136210881-2', 'Hard Rain', 'Wald Eddoes', 'Becker, Cole and Volkman', 'first edition'),
(22, '095506970-X', 'I Give It a Year', 'Lurline Bartolomivis', 'Runolfsson, Hodkiewicz and Johnson', 'second edition'),
(23, '957513360-9', 'Street Fighter, The (Gekitotsu! Satsujin ken)', 'Oby Olsen', 'D''Amore LLC', 'third edition'),
(24, '124272759-0', 'Suspect, The', 'Darren Booley', 'Dicki, Kessler and Blick', 'seventh edition'),
(25, '425241330-3', 'Tommy', 'Natal Budge', 'Schimmel-McGlynn', 'fith edition'),
(26, '048783459-3', 'Stars Fell on Henrietta, The', 'Agna Figgins', 'Considine, Sporer and Williamson', 'first edition'),
(27, '759615459-X', 'Justin Bieber: Never Say Never', 'Cassandra Lemmertz', 'Langworth Group', 'first edition'),
(28, '468374008-7', 'Bird', 'Jefferey Blakeston', 'Swift Inc', 'sixth edition'),
(29, '965546579-9', 'Rebecca', 'Ludovika Owens', 'Gleichner-Lakin', 'third edition'),
(30, '158734271-5', 'Taistelu Näsilinnasta 1918', 'Caren Broun', 'Dicki Group', 'ninth edition'),
(31, '525612611-3', 'World Without Thieves, A (Tian xia wu zei)', 'Cristal Stolli', 'Lubowitz Group', 'fith edition'),
(32, '834438094-4', '3 Little Ninjas and the Lost Treasure', 'Mychal Aiers', 'Schowalter, Ziemann and Mitchell', 'second edition'),
(33, '276257202-9', 'When a Stranger Calls', 'Jaime Antoons', 'O''Hara, Murphy and Hahn', 'third edition'),
(34, '333479346-X', 'Adaptation', 'Bel Marriott', 'Legros, Murazik and Mosciski', 'sixth edition'),
(35, '696495045-1', 'Melissa P.', 'Brittan Ranner', 'Price-Streich', 'second edition'),
(36, '484114353-X', 'My Old Lady', 'Flem Thaller', 'Simonis, Hoppe and Flatley', 'second edition'),
(37, '123892945-1', 'Note by Note: The Making of Steinway L1037', 'Thor Lindegard', 'Crona Inc', 'fith edition'),
(38, '280976415-8', 'Jackass Number Two', 'Akim Mitcheson', 'Crist, Carter and Marquardt', 'second edition'),
(39, '880042124-5', 'House of the Rising Sun', 'Jolee Cotty', 'Gutkowski, Wilderman and Becker', 'fith edition'),
(40, '784215387-6', 'Big Country, The', 'Kathrine Forge', 'Kuvalis-Batz', 'second edition'),
(41, '689124988-0', 'Medallion, The', 'Wendeline Chaimson', 'Mitchell Inc', 'n/a'),
(42, '479772082-4', 'Vice Squad', 'Windy Redholes', 'Oberbrunner LLC', 'fourth edition'),
(43, '452477006-2', 'God''s Country', 'Carmella Benes', 'Hilpert Inc', 'n/a'),
(44, '340461130-6', 'Brain Smasher... A Love Story (Bouncer and the Lady, The)', 'Cleon Syme', 'Smith LLC', 'sixth edition'),
(45, '224787198-4', 'God''s Puzzle (Kamisama no pazuru)', 'Ruggiero Brodbin', 'Rohan Inc', 'seventh edition'),
(46, '155510222-0', 'Tentacles (Tentacoli)', 'Tine Borrie', 'Kerluke Group', 'fourth edition'),
(47, '152228399-4', 'Save the Green Planet! (Jigureul jikyeora!)', 'Charlena Hunting', 'Murray, Johns and Wilkinson', 'ninth edition'),
(48, '198584501-6', 'Judas Kiss', 'Gilberta O''Hogertie', 'Stamm, Kuhn and Predovic', 'fith edition'),
(49, '509353134-0', 'Gangster Squad', 'Lexy Richemont', 'Gerhold, Jaskolski and Johns', 'first edition'),
(50, '327124902-4', 'Critical Condition', 'Colman Sadler', 'White and Sons', 'eighth edition'),
(51, '332654237-2', 'Oh, Woe Is Me (Hélas pour moi)', 'Lorette Jay', 'Gutkowski, Lueilwitz and Heidenreich', 'sixth edition'),
(52, '676886331-2', 'Diary of the Dead', 'Katy Sweetland', 'Mohr, Walter and Smith', 'third edition'),
(53, '753083784-2', 'Snatch', 'Tawsha Tabourier', 'O''Connell-McLaughlin', 'fourth edition'),
(54, '868314165-9', 'Halo 4: Forward Unto Dawn', 'Raff Dubs', 'Hammes-Schmitt', 'first edition'),
(55, '032028875-7', 'Journey to the Center of the Earth', 'Warde Menis', 'Kreiger-Hudson', 'eighth edition'),
(56, '671425069-X', 'Flower Drum Song', 'Lynnet Boxell', 'Dietrich and Sons', 'seventh edition'),
(57, '618007834-3', 'Dead Alive (Braindead)', 'Daren McKenney', 'Moen Inc', 'seventh edition'),
(58, '999713301-3', 'Sunflower (Xiang ri kui)', 'Noellyn Waything', 'Hilll, Howell and White', 'eighth edition'),
(59, '592870238-8', 'Sisterhood of the Traveling Pants 2, The', 'Eldin Amesbury', 'Kihn and Sons', 'third edition'),
(60, '682017531-0', 'Raffles', 'Leland Tremoulet', 'Schulist, Medhurst and Kuhlman', 'ninth edition'),
(61, '550694610-4', 'Devils on the Doorstep (Guizi lai le)', 'Gavra Bartoszinski', 'Morissette and Sons', 'sixth edition'),
(62, '928699580-6', 'Watermark', 'Brigham Hearsey', 'Romaguera-Hoeger', 'sixth edition'),
(63, '456655639-5', 'Mansome', 'Corrina Drury', 'Kihn-Satterfield', 'ninth edition'),
(64, '795616761-2', 'Soap Girl', 'Laurens Theze', 'Cartwright Group', 'first edition'),
(65, '121372337-X', 'Babysitters, The', 'Charline Croll', 'Littel Inc', 'first edition'),
(66, '458373932-X', 'Oliver Twist', 'Karie Dumini', 'Rice Group', 'sixth edition'),
(67, '102038638-X', 'Just the Ticket', 'Lorain Jakubczyk', 'Moore, Marvin and Spinka', 'ninth edition'),
(68, '650755116-3', 'Boy A', 'Aime Britner', 'Sanford Inc', 'fith edition'),
(69, '295981977-2', 'Kelly''s Heroes', 'Rebekah O''Loinn', 'Toy LLC', 'fourth edition'),
(70, '472700472-0', 'City Zero', 'Courtnay Conniam', 'Auer LLC', 'second edition'),
(71, '786043348-6', 'Swept from the Sea', 'Doll Worgan', 'Grant-Orn', 'n/a'),
(72, '053830996-2', 'Invisible Woman, The', 'Ruperto Lanning', 'O''Connell LLC', 'sixth edition'),
(73, '663553333-8', 'Machine That Kills Bad People, The (La Macchina Ammazzacattivi)', 'Barri Baddow', 'Veum, Mosciski and Ward', 'third edition'),
(74, '695968673-3', 'What If... (An...)', 'Sylvester Henric', 'Moore-Beatty', 'fourth edition'),
(75, '319686221-6', 'Any Number Can Win (Mélodie en sous-sol )', 'Meta Breakspear', 'Gottlieb Inc', 'third edition'),
(76, '724403707-4', 'Kissing Jessica Stein', 'Nessie Putton', 'Hahn-Rippin', 'fith edition'),
(77, '177219302-X', 'Inside Job', 'Sissie Coushe', 'Collier-Bosco', 'sixth edition'),
(78, '133278876-9', 'Spitfire Grill, The', 'Bernardina Blasiak', 'Wisozk LLC', 'n/a'),
(79, '164900324-2', 'Firm, The', 'Adria Midner', 'Hessel, Morissette and Buckridge', 'first edition'),
(80, '884339451-7', 'No One Knows About Persian Cats (Kasi az gorbehaye irani khabar nadareh)', 'Wally Hughlin', 'Connelly-Murray', 'first edition'),
(81, '997088764-5', 'Fantastic Voyage', 'Donny Attride', 'Morar and Sons', 'sixth edition'),
(82, '945565836-4', 'Larceny, Inc.', 'Chaim Agg', 'Windler and Sons', 'fourth edition'),
(83, '969908605-X', 'Daayen Ya Baayen', 'Dudley Tidman', 'Leannon, Kulas and Marquardt', 'fith edition'),
(84, '331386927-0', 'Superman and the Mole-Men', 'Maggy Vogelein', 'Ziemann, Bradtke and McClure', 'third edition'),
(85, '097831051-9', 'Penny Dreadful', 'Earlie Enrique', 'Haley, Pfeffer and Reichel', 'second edition'),
(86, '995631631-8', 'In Gold We Trust (600 kilos d''or pur)', 'Chantal Alden', 'Sporer Group', 'eighth edition'),
(87, '845602504-6', 'Thrushes Are Still Singing, The (Ta kourelia tragoudane akoma...)', 'Aluin Starkey', 'Swaniawski, Koepp and Hettinger', 'ninth edition'),
(88, '618132328-7', 'No Retreat, No Surrender 2: Raging Thunder', 'Trudie Daviot', 'Kuhn, Torp and Bernier', 'ninth edition'),
(89, '053588266-1', 'Extremely Loud and Incredibly Close', 'Aubrette Caveney', 'Mayert and Sons', 'second edition'),
(90, '754112607-1', 'Death Rides a Horse (Da uomo a uomo)', 'Brittaney Antoons', 'Wintheiser-Ziemann', 'third edition'),
(91, '663590680-0', 'If I Had a Million', 'Sibbie Bremond', 'Stamm-King', 'seventh edition'),
(92, '503497866-0', 'Mummies: Secrets of the Pharaohs (a.k.a. Mummies 3D)', 'Leodora Aggis', 'Larson Inc', 'seventh edition'),
(93, '140106246-6', 'Errors of the Human Body ', 'Dun Garrat', 'Schaden-Jacobi', 'n/a'),
(94, '095639606-2', '7 Days in Havana', 'Dorie Rossey', 'Conn, Walsh and O''Keefe', 'first edition'),
(95, '068102023-7', 'Rendez-vous', 'Shadow Lyburn', 'Rau, Metz and McDermott', 'first edition'),
(96, '865039619-4', 'Eden Log', 'Brendon Dran', 'Gerhold-Bergnaum', 'third edition'),
(97, '514577285-8', 'Normal', 'Nickey Andries', 'Klein, Medhurst and Von', 'fourth edition'),
(98, '483725063-7', 'Blow Job', 'Leeann MacLice', 'Crona LLC', 'second edition'),
(99, '327326966-9', 'Tokyo-Ga', 'Enrika Minerdo', 'Trantow, Leffler and O''Reilly', 'fith edition'),
(100, '959519217-1', 'Numbskull Emptybrook (Uuno Turhapuro)', 'Liv Faier', 'Ullrich-Crooks', 'third edition'),
(101, '234847331-3', 'This Means War', 'Micky Huyton', 'Kirlin and Sons', 'first edition'),
(102, '977250259-3', 'Lovecraft: Fear of the Unknown', 'Nelia Goucher', 'Ruecker-Kuphal', 'fourth edition'),
(103, '191750913-8', 'Broken City', 'Aprilette Athersmith', 'Kassulke, Gulgowski and Ebert', 'n/a'),
(104, '554462021-0', 'Heads', 'Derick Maggs', 'Strosin-Kerluke', 'eighth edition'),
(105, '738651929-X', 'Sgt. Bilko', 'Anderson Venditto', 'Langworth, Stracke and Miller', 'second edition'),
(106, '598297564-8', 'Mission: Impossible - Ghost Protocol', 'Bernhard Cauthra', 'Haley, Dooley and Batz', 'n/a'),
(107, '201385184-7', 'Young Philadelphians, The', 'Kalila Tythacott', 'Murazik-Howell', 'fith edition'),
(108, '943318702-4', 'Corruptor, The', 'Chloette Armsby', 'Murazik Group', 'eighth edition'),
(109, '450728276-4', 'After Last Season', 'Bibbie Dawby', 'Goyette Group', 'fith edition'),
(110, '021570886-5', 'Today''s Special', 'Shelba Organ', 'Mayert LLC', 'ninth edition'),
(111, '498265858-7', 'Rosencrantz and Guildenstern Are Undead', 'Emile Vockings', 'Batz-Moore', 'fourth edition'),
(112, '510427613-9', 'Darkness/Light/Darkness (Tma/Svetlo/Tma)', 'Cathee Roelofs', 'Bergnaum, Kiehn and Stark', 'second edition'),
(113, '629393031-2', 'Alcina', 'Anet Brigstock', 'Rodriguez Inc', 'fith edition'),
(114, '174652008-6', 'Saltmen of Tibet, The (Salzmänner von Tibet, Die)', 'Kerwinn Vaan', 'Rohan Group', 'fith edition'),
(115, '888659306-6', 'Love in Another Language (Baska Dilde Ask)', 'Mariellen Aisman', 'Rice, Wolff and Upton', 'first edition'),
(116, '385837767-8', 'Phantom of the Rue Morgue', 'Lazarus Egar', 'Labadie-Langosh', 'fourth edition'),
(117, '801586356-2', 'Poetical Refugee', 'Sadie Cardo', 'Little, Flatley and Harris', 'ninth edition'),
(118, '158073567-3', 'Moonshot', 'Adolphus Top', 'Thompson-Wuckert', 'ninth edition'),
(119, '343834950-7', 'Judy Berlin', 'Sherlock Parlatt', 'Smitham-Dach', 'fourth edition'),
(120, '499886173-5', 'Ashes, The (Popioly)', 'Karola Rogge', 'Miller-Lebsack', 'fith edition'),
(121, '071659218-5', 'I giorni contati', 'Aleece Kneeshaw', 'Kshlerin Group', 'fourth edition'),
(122, '941240876-5', 'Friend of the Deceased, A (Priyatel pokonika)', 'Caril Cowperthwaite', 'Weimann-O''Conner', 'first edition'),
(123, '132700984-6', 'Wesley Willis: The Daddy of Rock ''n'' Roll', 'Archibold Sooper', 'Lueilwitz, Jacobi and O''Hara', 'ninth edition'),
(124, '682004722-3', 'Man from Nowhere, The (Ajeossi)', 'Nara Harbidge', 'Trantow, Weimann and Nader', 'ninth edition'),
(125, '112421192-6', 'Lord Love a Duck', 'Sigvard Paddon', 'Bashirian, Douglas and Little', 'fourth edition'),
(126, '661839284-5', 'Flawless', 'Benoit Derrett', 'Block, Bashirian and Considine', 'eighth edition'),
(127, '406302075-4', 'Road to Morocco', 'Willie Guislin', 'Stehr, Feest and Doyle', 'second edition'),
(128, '620272192-8', 'Keane', 'Claudianus Breissan', 'Brekke and Sons', 'first edition'),
(129, '128337329-7', 'Two Mrs. Carrolls, The', 'Faythe Summerell', 'Kunde Inc', 'n/a'),
(130, '714321904-5', 'King of Marvin Gardens, The', 'Lionello Pallasch', 'Dicki LLC', 'fourth edition'),
(131, '037898966-9', 'Curse of Frankenstein, The', 'Leonelle Sexten', 'Brown LLC', 'second edition'),
(132, '613686381-2', 'Jack the Giant Killer', 'Alon Stoddart', 'Bernier-Ritchie', 'ninth edition'),
(133, '375439318-9', 'C.H.O.M.P.S.', 'Kerry Jouanot', 'Kohler LLC', 'fith edition'),
(134, '465345356-X', '5 Broken Cameras', 'Lawton Rose', 'Beer-Heller', 'n/a'),
(135, '880904235-2', 'Hell Comes to Frogtown', 'Demetri Mountstephen', 'Harris Group', 'eighth edition'),
(136, '514800786-9', 'Getting to Know You', 'Noelani Hallut', 'Dach and Sons', 'fourth edition'),
(137, '452629725-9', 'Identification Marks: None (Rysopis) ', 'Susana Donnel', 'Hoppe Inc', 'fourth edition'),
(138, '839338033-2', 'Claustrofobia', 'Grete Moulton', 'Thiel LLC', 'second edition'),
(139, '326043256-6', 'Ricky Gervais: Out of England - The Stand-Up Special', 'Celestine Bedin', 'Barrows-Bogan', 'seventh edition'),
(140, '569211482-8', 'Lake Mungo', 'Guss Breen', 'Ryan-Crooks', 'first edition'),
(141, '539374316-5', 'Beware of Pity', 'Katerina Patmore', 'Denesik Group', 'fourth edition'),
(142, '198299996-9', 'Jeffrey', 'Eberto Kyte', 'Farrell-Schoen', 'n/a'),
(143, '268037929-2', 'River Why, The', 'Pennie Strutt', 'Gleichner, Keebler and Flatley', 'eighth edition'),
(144, '638572179-5', 'Samurai Rebellion (Jôi-uchi: Hairyô tsuma shimatsu)', 'Brantley Janusz', 'Towne-Schinner', 'fourth edition'),
(145, '893703024-1', 'Fuck Up', 'Britt Lavell', 'Turcotte-Bogisich', 'third edition'),
(146, '810870548-7', 'Rally On! (Ralliraita)', 'Marne Haugg', 'Kshlerin, Bednar and Langosh', 'fith edition'),
(147, '792395204-3', 'Love Ghost (Shibito no koiwazura)', 'Gothart McAlpin', 'Wehner, McKenzie and Jacobi', 'n/a'),
(148, '213452704-8', 'Grand Canyon', 'Kimbell Jaggard', 'Williamson-Howell', 'n/a'),
(149, '155025415-4', 'The Living Magoroku', 'Chlo Kornyakov', 'Bradtke, Bergstrom and Wiegand', 'second edition'),
(150, '916747261-3', 'Season of the Witch', 'Zorina Jee', 'Borer, Grimes and Parisian', 'second edition'),
(151, '029001143-4', 'Dark Shadows', 'Lewiss Connolly', 'Hirthe LLC', 'fourth edition'),
(152, '871679039-1', 'Tomb, The', 'Darice Yitzovitz', 'Stracke, Zieme and Goyette', 'ninth edition'),
(153, '842925631-8', 'Invincible Iron Man, The', 'Lyndsay Hutchcraft', 'Bosco, Roob and Goldner', 'first edition'),
(154, '104931969-9', 'Mars', 'Kirby Aberhart', 'Armstrong, McKenzie and Wiza', 'seventh edition'),
(155, '999317167-0', 'Black Hand', 'Kayle Saur', 'Stoltenberg-Koss', 'third edition'),
(156, '498886185-6', 'Les modèles de ''Pickpocket''', 'Hilary Kynsey', 'Gislason, Stehr and Greenholt', 'second edition'),
(157, '341087253-1', 'Wildcats', 'Edgar Wood', 'McClure, Streich and Haley', 'seventh edition'),
(158, '799118914-7', 'Weight of Water, The', 'Vince Hateley', 'Ward-Thompson', 'fith edition'),
(159, '807990271-2', 'Acadia Acadia?!? (L''acadie, l''Acadie)', 'Freemon Pepall', 'Hoeger Inc', 'first edition'),
(160, '717568747-8', 'Hello Herman', 'Justino Custance', 'Harvey-Greenfelder', 'eighth edition'),
(161, '062677147-1', 'LEGO DC Comics Super Heroes: Justice League vs. Bizarro League', 'Aurelea Denholm', 'Jacobson Group', 'second edition'),
(162, '634379721-1', 'Backstage', 'Fredra Priestnall', 'Kuphal and Sons', 'fith edition'),
(163, '033540305-0', 'Boy Meets Girl', 'Adelice Webburn', 'Feest LLC', 'eighth edition'),
(164, '187074824-7', 'Ice Age Columbus: Who Were the First Americans?', 'Claude Reardon', 'Beahan-Kuhlman', 'n/a'),
(165, '214063509-4', 'The Road to Glory', 'Shanan Swainsbury', 'Feest-Rowe', 'eighth edition'),
(166, '283026479-7', 'Somewhere Between', 'Marjorie Casham', 'Hettinger, Kertzmann and Funk', 'eighth edition'),
(167, '320660272-6', 'River Wild, The', 'Hall Brunt', 'Conroy-Stiedemann', 'eighth edition'),
(168, '905668016-1', 'Saratoga', 'Phylys Milbourne', 'Moen, Hyatt and Bartell', 'seventh edition'),
(169, '517204178-8', 'Beyond Bedlam', 'Jimmy Pautard', 'Schmitt, Schaden and Weissnat', 'first edition'),
(170, '591067609-1', 'Playing for Keeps', 'Derward Kleinhaus', 'Leannon LLC', 'n/a'),
(171, '601783801-6', 'Santa Fe', 'Bobby Hovee', 'Kihn-Abernathy', 'first edition'),
(172, '925229668-9', 'Last Days', 'Sharla Burnhill', 'Marquardt-Swaniawski', 'fourth edition'),
(173, '608397895-5', 'Wash, The', 'Elie Kamiyama', 'Zulauf, Hickle and Bednar', 'first edition'),
(174, '862937090-4', 'Birdcage, The', 'Melisandra Conrard', 'Grady-Kilback', 'ninth edition'),
(175, '901387698-6', 'Good Girl, The', 'Maddalena Skellion', 'Altenwerth-Monahan', 'sixth edition'),
(176, '390105137-6', 'Let''s Make Love', 'Meredith Belson', 'Sporer LLC', 'fourth edition'),
(177, '257556082-9', 'Undertaker and His Pals, The', 'Kameko Larciere', 'Price, Lynch and Weber', 'third edition'),
(178, '783648268-5', 'Gunfight at the O.K. Corral', 'Trescha Garritley', 'Carroll-Bradtke', 'second edition'),
(179, '264774254-5', 'The Inhabited Island', 'Jerrilee Kinvig', 'Koch Group', 'eighth edition'),
(180, '956946470-4', 'Law Abiding Citizen', 'Kevina Hartford', 'Kunze, Wisozk and Kertzmann', 'sixth edition'),
(181, '258615201-8', 'PressPausePlay', 'Gaston Osborne', 'Kreiger, Reinger and Bashirian', 'eighth edition'),
(182, '997705151-8', 'Century', 'Pauletta Duthie', 'Kulas, Mayert and Nitzsche', 'first edition'),
(183, '514839997-X', 'Wild Guitar', 'Claire Cota', 'Boyer Group', 'second edition'),
(184, '867100296-9', 'Hit by Lightning', 'Tristam Easterby', 'Stiedemann-Witting', 'fourth edition'),
(185, '935010862-3', 'Birth of the Living Dead', 'Norri Hambleton', 'Wuckert, Pacocha and Lynch', 'sixth edition'),
(186, '257487904-X', 'Onion Movie, The', 'Hinda Molder', 'Flatley and Sons', 'n/a'),
(187, '878477501-7', 'Tree of Wooden Clogs, The (L''albero degli zoccoli)', 'Robb Reece', 'Yundt, Cormier and Kuphal', 'first edition'),
(188, '604468784-8', 'Somersault', 'Corena McSkeagan', 'Ortiz Inc', 'first edition'),
(189, '509328827-6', 'Cabin Fever 2: Spring Fever', 'Izabel Keeler', 'Beier-Gulgowski', 'sixth edition'),
(190, '848340351-X', 'Apocalypto', 'Gunilla Devonish', 'Hoppe and Sons', 'first edition'),
(191, '784923400-6', 'Logorama', 'Boycey Getch', 'Tillman Group', 'sixth edition'),
(192, '677517281-8', 'Secret of the Wings', 'Lorilyn Sunman', 'Rodriguez-McKenzie', 'n/a'),
(193, '956667428-7', 'Last Man Standing', 'Cobb Ockland', 'Veum-Zulauf', 'ninth edition'),
(194, '008189577-1', 'Interpreter, The', 'Towney Loren', 'Larson, Auer and Rempel', 'second edition'),
(195, '641782970-7', 'Treeless Mountain', 'Currie Barbera', 'Kshlerin, Daugherty and Ullrich', 'fourth edition'),
(196, '023194223-0', 'Wild Women', 'Hadria Bohlin', 'Hammes-Larson', 'first edition'),
(197, '066657873-7', 'Cookie''s Fortune', 'Evered Ivanonko', 'Durgan and Sons', 'sixth edition'),
(198, '157955181-5', 'Chico & Rita', 'Chlo Trazzi', 'Bernhard and Sons', 'first edition'),
(199, '129965897-0', 'Alien Nation: Body and Soul', 'Leanna todor', 'Thiel Group', 'fith edition'),
(200, '693409630-4', 'Cooler, The', 'Spense Beekman', 'Ernser, Frami and Gislason', 'third edition'),
(201, '966424836-3', 'Decampitated', 'Allister Shingfield', 'Kiehn Group', 'sixth edition'),
(202, '919804119-3', 'Nine Deaths of the Ninja', 'Enriqueta Patzelt', 'Bernier LLC', 'ninth edition'),
(203, '805219002-9', 'Big Chill, The', 'Hinze Voaden', 'Schroeder-Carroll', 'seventh edition'),
(204, '098227686-9', 'The Disappeared', 'Sydney McNuff', 'Robel, Beier and Ferry', 'fourth edition'),
(205, '501902525-9', 'Capricious Summer (Rozmarné léto)', 'Jolie Cheers', 'Watsica, Walter and Walter', 'sixth edition'),
(206, '677043977-8', 'Two Loves', 'Caryl Henrys', 'Brown-Stracke', 'fith edition'),
(207, '878924912-7', 'Creature Wasn''t Nice, The (a.k.a. Naked Space) (a.k.a. Spaceship)', 'Zandra Critchley', 'Balistreri, Metz and Klocko', 'first edition'),
(208, '046485439-3', 'Hunter Prey', 'Suki Malinowski', 'Parker, Harber and Douglas', 'ninth edition'),
(209, '017316960-0', 'Streaks, The (Pregi)', 'Marlow Ellsbury', 'Ritchie, Schinner and Osinski', 'third edition'),
(210, '889517658-8', 'Innocent Man, An', 'Mignonne Castilljo', 'Bartoletti, Rempel and Abbott', 'eighth edition'),
(211, '452101286-8', 'Staying Alive', 'Haroun Gilmour', 'Robel and Sons', 'fith edition'),
(212, '427078410-5', 'Turning, The', 'Courtney Scaplehorn', 'Harber and Sons', 'eighth edition'),
(213, '369270433-X', 'Like Minds (Murderous Intent)', 'Mischa Samsworth', 'Maggio, Erdman and Ziemann', 'ninth edition'),
(214, '310234600-6', 'Undiscovered', 'Ottilie Dignam', 'Conn, Tromp and O''Keefe', 'third edition'),
(215, '846637156-7', 'Love Streams', 'Artair Bodley', 'Leannon Inc', 'third edition'),
(216, '788162899-5', 'Love unto Death (L''amour a mort)', 'Linette Jendrich', 'Kris, Robel and Jerde', 'seventh edition'),
(217, '188706258-0', '$5 a Day', 'Jehu Flavelle', 'Nikolaus LLC', 'fourth edition'),
(218, '068804973-7', 'Film Geek', 'Arielle Sharpling', 'Kuhlman and Sons', 'second edition'),
(219, '401832206-2', 'Dark Blue', 'Kristofer Meadus', 'Roob and Sons', 'third edition'),
(220, '080929723-X', '12:01', 'Angil Robertet', 'DuBuque, Goyette and Powlowski', 'eighth edition'),
(221, '930099324-0', 'Likeable Mister R, The (Simpaticul domn R)', 'Shane Burfitt', 'Murray Inc', 'third edition'),
(222, '973644194-6', 'Analyze This', 'Gunther Pymm', 'Bins, Wehner and Legros', 'fith edition'),
(223, '720531270-1', 'Lord of the Flies', 'Lorain Allardyce', 'Grimes-Rice', 'third edition'),
(224, '609969355-6', 'Noah''s Ark', 'Enos Pablos', 'Stark LLC', 'first edition'),
(225, '227115636-X', 'One Missed Call (Chakushin ari)', 'Walton Lorryman', 'Zboncak-Kutch', 'second edition'),
(226, '231790204-2', 'Faith Like Potatoes', 'Wendel Capell', 'Konopelski and Sons', 'second edition'),
(227, '163766010-3', 'My First War', 'Sharlene Mitford', 'Sawayn-O''Connell', 'ninth edition'),
(228, '670322284-3', 'Insect Woman, The (Nippon konchûki)', 'Verena Roels', 'Jaskolski, Schmitt and Wolff', 'first edition'),
(229, '014400575-1', 'Joe Versus the Volcano', 'Nicola Avramovic', 'Blanda, Dicki and Schmitt', 'second edition'),
(230, '463932930-X', 'Shameless (Maskeblomstfamilien )', 'Corrinne Fruchon', 'Morissette, Towne and Collins', 'n/a'),
(231, '837820237-2', 'Lullaby', 'Devin Gissop', 'Shanahan-Raynor', 'first edition'),
(232, '406010834-0', 'Runaways, The', 'Wilfred Lindsay', 'Konopelski, Maggio and Johnson', 'first edition'),
(233, '098461792-2', 'Return from Witch Mountain', 'Stefano Langshaw', 'Lesch-Hartmann', 'fith edition'),
(234, '151242650-4', 'Carmina and Amen (Carmina y amén)', 'Laurice McCobb', 'Hammes, Kuhn and Gibson', 'fourth edition'),
(235, '470438219-2', 'Mouth to Mouth (Boca a boca)', 'Myrle Danielot', 'Murphy, Morar and Mann', 'fourth edition'),
(236, '647365346-5', 'Prey for Rock & Roll', 'Ossie Crommett', 'Marvin LLC', 'fourth edition'),
(237, '686962266-3', 'Smart Set, The', 'Granville Bignal', 'Jacobson, O''Kon and Schmeler', 'first edition'),
(238, '882657429-4', 'Talented Mr. Ripley, The', 'Maren Vanyushin', 'Hermann-Auer', 'third edition'),
(239, '069477566-5', 'Steel Dawn', 'Briney Tinsey', 'Dicki, Koelpin and Gulgowski', 'seventh edition'),
(240, '446016851-0', 'Rumble on the Docks', 'Quintus Dumphy', 'Schinner, Corwin and McKenzie', 'fith edition'),
(241, '747900431-1', 'Taistelu Näsilinnasta 1918', 'Felipa Verchambre', 'Barrows-Gulgowski', 'second edition'),
(242, '374607151-8', 'Boy Eating the Bird''s Food (To agori troei to fagito tou pouliou)', 'Gina Rogers', 'Flatley, Quitzon and Price', 'second edition'),
(243, '678455818-9', 'Antonio das Mortes (O Dragão da Maldade contra o Santo Guerreiro)', 'Paton Sattin', 'Cummerata, Smith and Kuhlman', 'ninth edition'),
(244, '420125680-4', 'In Bruges', 'Emelen Raulin', 'Keebler, Murray and Jakubowski', 'n/a'),
(245, '512777639-1', 'In Bed (En la cama)', 'Veriee Wenban', 'Donnelly and Sons', 'sixth edition'),
(246, '699980553-9', 'True Crime', 'Gussi Rugge', 'Collins LLC', 'n/a'),
(247, '466575778-X', 'Errand Boy, The', 'Michelina Arthan', 'Mitchell Group', 'sixth edition'),
(248, '504579161-3', 'Diary of a Wimpy Kid: Rodrick Rules', 'Prentice Elcoux', 'O''Connell-Abshire', 'eighth edition'),
(249, '694515723-7', 'Chain Reaction', 'Ardath Honack', 'Bernhard, Conn and Schuppe', 'third edition'),
(250, '849839820-7', 'It''s a Disaster', 'Dorri Fransinelli', 'Hamill, Wuckert and Sawayn', 'seventh edition'),
(251, '309471585-0', 'Battleground', 'Craig Tinkham', 'Kuhn Inc', 'first edition'),
(252, '194073091-0', 'Morning Patrol (Proini peripolos)', 'Erhard Escoffier', 'Adams Group', 'n/a'),
(253, '173787827-5', 'SpongeBob SquarePants Movie, The', 'Janos McFadyen', 'Hamill-Wuckert', 'n/a'),
(254, '308795309-1', 'Newburgh Sting, The', 'Shirl Greenroa', 'Bode Inc', 'seventh edition'),
(255, '072713696-8', 'Last Orders', 'Myles Clougher', 'Krajcik, Bauch and Heathcote', 'n/a'),
(256, '089120638-8', 'Man of the Year', 'Ashlen Droghan', 'Harvey Group', 'third edition'),
(257, '501342172-1', 'Masks (Masques)', 'Gwennie Worsham', 'Gerhold Inc', 'sixth edition'),
(258, '345814317-3', 'Memory Keeper''s Daughter, The', 'Bess Holligan', 'Wyman and Sons', 'eighth edition'),
(259, '496278887-6', 'Restaurant', 'Pyotr Howsden', 'Auer-Prohaska', 'third edition'),
(260, '336947685-1', 'Possession of Joel Delaney, The', 'Gracie Shambroke', 'Cremin, Swaniawski and Gusikowski', 'third edition'),
(261, '549805513-7', 'God Who Wasn''t There, The', 'Fowler Ulyatt', 'Shields-Bauch', 'eighth edition'),
(262, '802208393-3', 'Crew, The', 'Fiona Esposi', 'Sauer-Bayer', 'fith edition'),
(263, '900438019-1', 'Knick Knack', 'Junette Petrazzi', 'Schamberger-Kautzer', 'third edition'),
(264, '443013578-9', 'Somewhere Under the Broad Sky', 'Kipp Tonnesen', 'Farrell, Becker and Harber', 'n/a'),
(265, '304424988-0', 'Four Nights of a Dreamer (Quatre nuits d''un rêveur)', 'Moreen Camamile', 'Morar, Anderson and Graham', 'fourth edition'),
(266, '359077976-4', 'Caótica Ana', 'Clyve Bowbrick', 'Rodriguez-Turcotte', 'second edition'),
(267, '623643143-4', 'Three of Hearts', 'Kristin Dami', 'Cassin, Schneider and Wolf', 'first edition'),
(268, '628367978-1', 'Chitty Chitty Bang Bang', 'Ezmeralda O''Fergus', 'Rempel, Howe and Crist', 'sixth edition'),
(269, '949570661-0', 'Accident on Hill Road', 'Skippy Spivey', 'Sauer Inc', 'fourth edition'),
(270, '089105487-1', 'Magic Hunter (Büvös vadász)', 'Marika Irwin', 'Rosenbaum, Lowe and Stokes', 'ninth edition'),
(271, '698023771-3', 'One Hundred Mornings', 'Corabelle Stiffell', 'Botsford, Lowe and Larson', 'second edition'),
(272, '822199326-3', 'Rembrandt''s J''accuse', 'Bard Syred', 'Price-Gleichner', 'first edition'),
(273, '118394288-5', 'Collision Earth', 'Johnath Myrkus', 'Johns-Goodwin', 'fith edition'),
(274, '822550583-2', 'Without Warning (a.k.a. Alien Warning) (a.k.a. It Came Without Warning)', 'Edsel Thewless', 'Towne Inc', 'n/a'),
(275, '864668580-2', 'Titicut Follies', 'Cleveland Readman', 'Ruecker, Homenick and Ullrich', 'third edition'),
(276, '579173587-1', 'Slam Dance', 'Harriot Scougal', 'Becker, Monahan and Goodwin', 'third edition'),
(277, '359172432-7', 'Charlie Chan in Reno', 'Wilton Orum', 'Hills, Howell and Skiles', 'fourth edition'),
(278, '475703261-7', 'Infernal Affairs III (Mou gaan dou III: Jung gik mou gaan)', 'Portie Floyed', 'Kihn Group', 'ninth edition'),
(279, '614456652-X', 'Just Buried', 'Tiphani McClune', 'O''Connell, Hayes and Predovic', 'seventh edition'),
(280, '317232547-4', '2010: The Year We Make Contact', 'Charmaine Housecraft', 'Reilly-Brown', 'first edition'),
(281, '393276539-7', 'From Paris with Love', 'Bell Tarry', 'Labadie and Sons', 'seventh edition'),
(282, '042539479-4', '20,000 Leagues Under the Sea', 'Corette Dilger', 'Kozey LLC', 'first edition'),
(283, '897401009-7', 'Bilitis', 'Ede Stonehouse', 'Rosenbaum Group', 'first edition'),
(284, '093966055-5', 'Kilometre Zero (Kilomètre zéro)', 'Thorn Schimonek', 'Ernser-Lakin', 'n/a'),
(285, '192531050-7', 'Lonesome Jim', 'Chandal Zemler', 'Herzog-Bogan', 'n/a'),
(286, '599399933-0', 'Ju-on: White Ghost', 'Maiga Dell Casa', 'Lubowitz Inc', 'ninth edition'),
(287, '583989533-4', 'Dragon Ball Z: Bio-Broly (Doragon bôru Z 11: Sûpâ senshi gekiha! Katsu no wa ore da)', 'Theodor Spring', 'Green, Kilback and Monahan', 'third edition'),
(288, '368965913-2', 'Super 8', 'Loree Sexton', 'Collins-Bosco', 'fourth edition'),
(289, '247501832-1', 'Woman on Top', 'Karola Spere', 'Torp, Kreiger and Kemmer', 'fith edition'),
(290, '046369574-7', 'By the Law', 'Bo Verralls', 'Carter-Hegmann', 'fourth edition'),
(291, '789520114-X', 'Crank: High Voltage', 'Carlee Forsaith', 'Hegmann Group', 'third edition'),
(292, '056569915-6', 'The Oblong Box', 'Gelya Solloway', 'Blick and Sons', 'fourth edition'),
(293, '350235081-7', 'Magic in the Moonlight', 'Jesse Thewless', 'Wisozk LLC', 'second edition'),
(294, '914982762-6', 'Promises', 'Jodie Fairbrass', 'Murray LLC', 'seventh edition'),
(295, '456051221-3', 'Man Behind the Gun, The', 'Kris McCloy', 'Barrows Inc', 'second edition'),
(296, '079514044-4', 'Railway Man, The', 'Joaquin Orto', 'Gusikowski LLC', 'first edition'),
(297, '082770685-5', 'Salvage', 'Maible Deem', 'Crooks, Doyle and Russel', 'second edition'),
(298, '771861271-6', 'Confidentially Connie', 'Troy Manion', 'Reynolds, Kutch and Batz', 'first edition'),
(299, '316200226-5', 'Last Unicorn, The', 'Renell Costock', 'Jakubowski-Rolfson', 'third edition'),
(300, '865885767-0', 'Creature from the Haunted Sea', 'Valaria Gameson', 'Hahn LLC', 'third edition'),
(301, '442945228-8', 'Suriyothai (a.k.a. Legend of Suriyothai, The)', 'Asher Silcock', 'Cartwright-Prosacco', 'second edition'),
(302, '808400214-7', 'Plaisir, Le', 'Neale Hanalan', 'Koepp, Beatty and Wuckert', 'ninth edition'),
(303, '176352708-5', 'In the City of Sylvia (En la ciudad de Sylvia)', 'Umeko Streather', 'Roberts Group', 'n/a'),
(304, '477568002-1', 'Cherry 2000', 'Gale McCerery', 'Klein, Sawayn and Simonis', 'sixth edition'),
(305, '256513137-2', 'Everest', 'Tore Coopey', 'VonRueden Inc', 'second edition'),
(306, '549517456-9', 'Human Condition I, The (Ningen no joken I)', 'Patric Ragborne', 'Satterfield-Bechtelar', 'fourth edition'),
(307, '409327823-7', 'Raging Phoenix (Deu suay doo)', 'Feodora Stirman', 'Corkery, Barrows and Dietrich', 'seventh edition'),
(308, '815335413-2', 'Dead Calm', 'Danny Madgett', 'Carter-Bode', 'n/a'),
(309, '434330721-2', 'Phantom, The', 'Colette Sex', 'Kohler, Brakus and Gislason', 'third edition'),
(310, '728532921-5', 'Jiminy Glick in La La Wood', 'Sylas Tower', 'Volkman, Altenwerth and Kovacek', 'sixth edition'),
(311, '776361998-8', 'Mr. Nobody', 'Joe Yakubovics', 'Fisher-Medhurst', 'ninth edition'),
(312, '044290537-8', 'I Don''t Want to Talk About It (De eso no se habla)', 'Janina Sproule', 'Casper, O''Hara and Gottlieb', 'n/a'),
(313, '060163713-5', 'Rage: Carrie 2, The', 'Grant Beeswing', 'Paucek-Schultz', 'n/a'),
(314, '904090692-0', 'Experimenter', 'Hilde Glowach', 'Kreiger-Yundt', 'seventh edition'),
(315, '040688238-X', 'Skeleton Crew', 'Tabbi Willshere', 'Cremin, Wolff and Kuhic', 'n/a'),
(316, '803812237-2', 'Saw', 'Aubree Molyneux', 'Schulist-Rowe', 'ninth edition'),
(317, '189448939-X', 'Adrenalin: Fear the Rush', 'Prentiss Leggon', 'Hyatt LLC', 'ninth edition'),
(318, '367801194-2', '44 Inch Chest', 'Joice Harcombe', 'Beatty-Torphy', 'n/a'),
(319, '964518457-6', 'Introduction to Physics, An', 'Ara Lempel', 'Block and Sons', 'fourth edition'),
(320, '319514645-2', 'Girl in the Red Velvet Swing, The', 'Mabel Seint', 'Wuckert Inc', 'fith edition'),
(321, '844187844-7', 'Allan Quatermain and the Temple of Skulls', 'Gayler Basillon', 'Pfannerstill-Gutkowski', 'fith edition'),
(322, '648057930-5', 'Topper', 'Merissa Robens', 'Robel Inc', 'sixth edition'),
(323, '633360115-2', 'G.I. Joe: The Revenge of Cobra', 'Josephine Mossbee', 'Langosh Inc', 'ninth edition'),
(324, '134366183-8', 'David Copperfield', 'Flora Oger', 'Pacocha and Sons', 'n/a'),
(325, '931223017-4', 'Troll 2', 'Maurizia Cabrera', 'Vandervort, Huel and Wisozk', 'sixth edition'),
(326, '686947696-9', 'Curse of the Pink Panther', 'Kaila Pinyon', 'Watsica, Mante and Dibbert', 'third edition'),
(327, '548802387-9', 'The Kiss', 'Heddie Woofendell', 'Gerlach, Stoltenberg and Schowalter', 'third edition'),
(328, '381056367-6', 'Loving Story, The', 'Amandy Cahalan', 'Stamm, Schumm and Lockman', 'second edition'),
(329, '806566355-9', 'Eva (a.k.a. Eve)', 'Genna Bengal', 'Kirlin-Rath', 'ninth edition'),
(330, '713618388-X', 'Late Bloomers', 'Mallory Marlor', 'Bernhard-Rutherford', 'fourth edition'),
(331, '487885453-7', 'Go West', 'Johan Testro', 'Lehner, Gerhold and Ledner', 'fith edition'),
(332, '359147878-4', 'Unstoppable', 'Ambrosius Duker', 'Bernier-Kris', 'sixth edition'),
(333, '554606064-6', 'Deficit (Déficit)', 'Pate Anfonsi', 'Predovic-Ondricka', 'eighth edition'),
(334, '608474196-7', 'Indian Summer', 'Renata Scoullar', 'Boehm, Carroll and Feeney', 'n/a'),
(335, '117505915-3', 'Four Seasons, The', 'Jaime Elvin', 'Stehr-Rodriguez', 'third edition'),
(336, '017598999-0', 'Grumpy Cat''s Worst Christmas Ever', 'Tessy Sancias', 'Hodkiewicz-Schumm', 'second edition'),
(337, '118721813-8', 'Persuasion', 'Caryn Bromehead', 'Mraz-Douglas', 'seventh edition'),
(338, '790625235-7', 'On the Ropes', 'Renaldo Bourbon', 'Satterfield, Nader and Daugherty', 'second edition'),
(339, '178749967-7', 'Born Romantic', 'Lianne Kemwall', 'Runte LLC', 'fith edition'),
(340, '839903972-1', 'Promised Land', 'Pattie Nanninini', 'Emmerich-Homenick', 'sixth edition'),
(341, '218873539-0', 'Ninja Assassin', 'Antonia Rizzi', 'Lindgren, McGlynn and Blick', 'sixth edition'),
(342, '529338775-8', 'Chain Reaction', 'Vonnie Ridhole', 'Emard, Emmerich and Kuhn', 'fourth edition'),
(343, '165775944-X', 'Attila', 'Prentiss Iacomini', 'Fisher, Cronin and Schimmel', 'fourth edition'),
(344, '588666953-1', 'Parallax View, The', 'Karmen MacLachlan', 'Rolfson, Pagac and Walter', 'seventh edition'),
(345, '909109674-8', 'Asfour Stah', 'Mariann Irons', 'Schmeler-Balistreri', 'fith edition'),
(346, '356908893-6', 'Gentlemen', 'Beryle Mullany', 'Romaguera and Sons', 'fith edition'),
(347, '182916036-2', 'Elstree Calling', 'Wallache Seacombe', 'Hudson-Haley', 'first edition'),
(348, '595131503-4', 'Z', 'Cassaundra O''Connel', 'MacGyver and Sons', 'seventh edition'),
(349, '885475386-6', 'Human Planet', 'Ode Dutch', 'Balistreri, O''Reilly and Runte', 'fourth edition'),
(350, '583182288-5', 'Vietnam in HD', 'Sybila Harmstone', 'Jenkins, McKenzie and O''Conner', 'sixth edition'),
(351, '426714046-4', 'Once Upon a Time in China III (Wong Fei-hung tsi sam: Siwong tsangba)', 'Stacey Massel', 'Dare, Torphy and Lesch', 'second edition'),
(352, '706969636-1', 'Chance Pe Dance', 'Raddy Wasteney', 'Grimes, Krajcik and Deckow', 'fith edition'),
(353, '834065158-7', 'Jeffrey', 'Devan Nigh', 'Dibbert-Skiles', 'sixth edition'),
(354, '140502612-X', 'Patton Oswalt: No Reason to Complain', 'Sonya Duckworth', 'Roob-Waelchi', 'eighth edition'),
(355, '496946941-5', 'Down to the Bone', 'Aubrey Letteresse', 'Brakus-Collins', 'second edition'),
(356, '397341987-6', 'Cremaster 3', 'Judie Phelipeau', 'Gislason-Hagenes', 'seventh edition'),
(357, '669674701-X', 'First Squad: The Moment of Truth', 'Nickolas Skule', 'Kuhic, Greenfelder and Dietrich', 'first edition'),
(358, '084563642-1', 'Prodigal Sons', 'Alia McGenis', 'Johns-Wunsch', 'first edition'),
(359, '254396437-1', 'Sokkotanssi', 'Andonis Kielt', 'Hessel and Sons', 'n/a'),
(360, '899609044-1', 'Supermarket Woman (Sûpâ no onna)', 'Celesta Patel', 'Luettgen-Quitzon', 'ninth edition'),
(361, '904694681-9', 'Stille Nacht I: Dramolet', 'Enos Schreurs', 'Hansen Inc', 'third edition'),
(362, '333796065-0', 'Gun Crazy (a.k.a. Deadly Is the Female)', 'Nathaniel Laborda', 'Rosenbaum, Osinski and Hand', 'fith edition'),
(363, '202966483-9', 'Reindeerspotting - Pako joulumaasta', 'Livvie Iffland', 'Zieme-Mraz', 'first edition'),
(364, '998478726-5', 'Snakes on a Plane', 'Kerri Bisson', 'Leannon-Walter', 'eighth edition'),
(365, '149974478-1', 'Walking Tall Part II', 'Tomasina Turbitt', 'Parisian-D''Amore', 'second edition'),
(366, '630034527-0', 'Benji: Off the Leash!', 'Enrico Benstead', 'Boyer Group', 'second edition'),
(367, '953602458-6', 'Still Mine', 'Wallis Houlison', 'Bartell-Franecki', 'second edition'),
(368, '523701622-7', 'Henry IV, Part I (First Part of King Henry the Fourth, with the Life and Death of Henry Surnamed Hotspur, The)', 'Stephen Atwood', 'Kunze-Dickinson', 'eighth edition'),
(369, '967450779-5', 'Valley Girl', 'Shaw Ast', 'Goyette Group', 'first edition'),
(370, '430203248-0', 'Moment of Truth, The (Il momento della verità)', 'Darcie Blancowe', 'Koch-Walsh', 'fourth edition'),
(371, '108443951-4', 'Rage at Dawn', 'Catherin Height', 'Koepp-MacGyver', 'ninth edition'),
(372, '030415807-0', 'Laila', 'Jillayne Ridwood', 'Lockman LLC', 'first edition'),
(373, '248859275-7', 'Tunnel, The', 'Chip Baldcock', 'Predovic-Luettgen', 'ninth edition'),
(374, '675763406-6', 'Moll Flanders', 'Lesli Marsy', 'Wisoky LLC', 'third edition'),
(375, '416144467-2', 'Laggies', 'Hildagarde Benedidick', 'Bartoletti, Bosco and Boehm', 'eighth edition'),
(376, '259971504-0', 'My Boy Jack', 'Amil Bloxam', 'Herman, Mills and Yundt', 'seventh edition'),
(377, '883234287-1', 'Assassination of Jesse James by the Coward Robert Ford, The', 'Yasmeen Perigeaux', 'Stark, Schaefer and Johnson', 'seventh edition'),
(378, '322765637-X', 'Return of Martin Guerre, The (Retour de Martin Guerre, Le)', 'Shirlee Padbery', 'Romaguera-Kihn', 'ninth edition'),
(379, '955269542-2', 'Truth or Consequences, N.M.', 'Truda Cadreman', 'Hagenes, Hoppe and Grant', 'seventh edition'),
(380, '167925792-7', 'Meilleur espoir féminin', 'Sinclare Duffree', 'Muller-Goyette', 'first edition'),
(381, '032506434-2', 'Where Do We Go Now?', 'Maisey Pideon', 'Roberts Inc', 'n/a'),
(382, '987688426-3', 'Blue Smoke', 'Hyacinthia Jenkin', 'Stark Inc', 'ninth edition'),
(383, '929086030-8', 'Fire Birds', 'Sharity Capstaff', 'Murazik-Skiles', 'fith edition'),
(384, '739487189-4', 'Under Siege 2: Dark Territory', 'Cicily Zukierman', 'Fisher-Pfeffer', 'sixth edition'),
(385, '998942311-3', '55 Days at Peking', 'Sauveur Gollop', 'Waelchi, Olson and Hilll', 'ninth edition'),
(386, '116894458-9', 'Hollow Crown, The', 'Nydia Bacup', 'Crooks, Auer and Schoen', 'second edition'),
(387, '890915383-0', 'All the Little Animals', 'Dotty Eustice', 'Torp-Hayes', 'second edition'),
(388, '845628984-1', 'Into the Arms of Strangers: Stories of the Kindertransport', 'Cyrill Southern', 'Steuber Group', 'sixth edition'),
(389, '154670576-7', 'Ambush Trail', 'Bethena Gross', 'D''Amore, Nienow and Wintheiser', 'sixth edition'),
(390, '880163797-7', 'Human Planet', 'Eugenio Balke', 'Marks, Paucek and Barrows', 'fourth edition'),
(391, '314682790-5', 'Accomplices (Complices)', 'Lulita Colin', 'Swaniawski-Welch', 'fourth edition'),
(392, '566099812-7', 'All Blossoms Again: Pedro Costa, Director (Tout refleurit: Pedro Costa, cinéaste)', 'Denis Towndrow', 'Franecki-Rohan', 'first edition'),
(393, '641904656-4', 'Ladies vs. Ricky Bahl', 'Ash Jellyman', 'Hickle-Erdman', 'fourth edition'),
(394, '959987803-5', '7 Seconds', 'Birgit Bricknall', 'Brown Inc', 'fourth edition'),
(395, '639683864-8', 'Who''s the Man?', 'Rivalee Bellee', 'Terry-Beatty', 'sixth edition'),
(396, '274093313-4', 'Bundle of Joy', 'Charlton Willoughway', 'Walsh, Towne and Carroll', 'seventh edition'),
(397, '703285835-X', 'Beau Brummell: This Charming Man', 'Emili Izard', 'Schoen-Ward', 'second edition'),
(398, '611852506-4', 'Man on the Flying Trapeze', 'Berti Jeary', 'Kohler LLC', 'sixth edition'),
(399, '205306820-5', 'Petulia', 'Javier Carvil', 'Mosciski and Sons', 'first edition'),
(400, '043121777-7', 'Crack-Up', 'Jabez Rushbury', 'Farrell-Bruen', 'second edition'),
(401, '187941305-1', 'Story of My Life, The (Mensonges et trahisons et plus si affinités...)', 'Kari Jordi', 'Monahan-Okuneva', 'second edition'),
(402, '688126857-2', 'JFK', 'Leanor St Pierre', 'Hettinger, Sawayn and VonRueden', 'third edition'),
(403, '631176496-2', 'Hoffa', 'Norrie Bullier', 'Harris, O''Conner and D''Amore', 'fith edition'),
(404, '453853645-8', 'It', 'Granger Hirthe', 'Weber-Altenwerth', 'fith edition'),
(405, '651100604-2', 'Bouncing Babies', 'Levi Toffetto', 'Will LLC', 'third edition'),
(406, '725831497-0', 'Caesar and Cleopatra', 'Rosalynd Nussii', 'Walker-Gleichner', 'seventh edition'),
(407, '499646805-X', 'Manslaughter', 'Janna Burwood', 'Boehm-Ernser', 'sixth edition'),
(408, '086713649-9', 'House of the Seven Gables, The', 'Culley Chatten', 'Dare-Johnston', 'n/a'),
(409, '202919028-4', 'Santa''s Pocket Watch', 'Magdaia Corrao', 'Harvey-Lueilwitz', 'third edition'),
(410, '740363990-1', 'Insurgent', 'Niki Ruggen', 'Schumm-Heaney', 'second edition'),
(411, '876679864-7', 'TV Junkie', 'Kelsi McManamen', 'Littel and Sons', 'third edition'),
(412, '956733131-6', 'Love and Pigeons', 'Cristobal Yitzhok', 'Cole, Torp and Toy', 'third edition'),
(413, '751423790-9', 'Impy''s Island', 'Morena Couser', 'Dibbert Inc', 'eighth edition'),
(414, '472699728-9', 'Master, The', 'Suellen Ivanishin', 'Wiza, Rath and Rath', 'eighth edition'),
(415, '014356429-3', '100 Bloody Acres', 'Bertina Farthin', 'Turner, Walter and Block', 'third edition'),
(416, '819337535-1', 'Rickshaw Man, The (Muhomatsu no issho)', 'Zonda Bredgeland', 'Parisian, Durgan and Ruecker', 'n/a'),
(417, '043906600-X', 'Behind the Mask: The Rise of Leslie Vernon', 'Gusti Brothers', 'Thompson-Larson', 'ninth edition'),
(418, '146210004-X', 'Pirates of Penzance, The', 'Rita Perone', 'Greenholt LLC', 'fourth edition'),
(419, '372481175-6', 'Candyman 3: Day of the Dead', 'Emlyn Ranger', 'Balistreri, Price and Heidenreich', 'fith edition'),
(420, '172531158-5', 'Chelsea on the Rocks', 'Ammamaria Osburn', 'Padberg-Runte', 'first edition'),
(421, '224979949-0', 'Kids in the Hall: Same Guys, New Dresses', 'Sybyl Jardein', 'Runte-Towne', 'n/a'),
(422, '543755767-1', 'Around the World', 'Bambie Medlen', 'Paucek Group', 'seventh edition'),
(423, '563728628-0', 'Surprise', 'Berkly Clue', 'Padberg, Murphy and Cole', 'second edition'),
(424, '825263537-7', 'Man from Utah, The', 'Linn Comford', 'Sawayn Inc', 'sixth edition'),
(425, '411453495-4', 'House of D', 'Jenny Witz', 'Okuneva LLC', 'sixth edition'),
(426, '750585421-6', 'Weird Woman', 'Hirsch Heindle', 'Reichel, Jacobs and Kirlin', 'first edition'),
(427, '226153799-9', 'Beslan: Three Days in September', 'Britte Petit', 'O''Keefe-Reichert', 'n/a'),
(428, '911239568-4', 'Sundays and Cybele (Les dimanches de Ville d''Avray)', 'Nessi Balchen', 'Quitzon, Yundt and Botsford', 'fourth edition'),
(429, '250310299-9', 'Samouraï, Le (Godson, The)', 'Alysia Mathelon', 'Leannon, Grant and Buckridge', 'seventh edition'),
(430, '042171902-8', 'Virgin Suicides, The', 'Ami Dearan', 'Hackett, Ernser and McLaughlin', 'first edition'),
(431, '531824289-8', 'Oblivion Island: Haruka and the Magic Mirror (Hottarake no shima - Haruka to maho no kagami)', 'Nealon Choake', 'Batz-Kris', 'third edition'),
(432, '593794036-9', 'Marriage Retreat', 'Berny Muldoon', 'Pacocha-Dietrich', 'fith edition'),
(433, '024220017-6', 'Flight of the Phoenix, The', 'Katherine Greatham', 'Batz and Sons', 'fith edition'),
(434, '657749112-7', 'Another Man''s Poison', 'Michel Mc Gaughey', 'Goldner, Berge and Hauck', 'fith edition'),
(435, '407264355-6', 'Seventh Sign, The', 'Newton Torr', 'Berge Inc', 'n/a'),
(436, '341972516-7', 'Machete Maidens Unleashed!', 'Marris Bonallack', 'Cummings and Sons', 'n/a'),
(437, '558577255-4', 'Unstrung Heroes', 'Graig Wareham', 'Rogahn, Bauch and Spencer', 'fourth edition'),
(438, '913930929-0', 'Serving Sara', 'Emile Lewens', 'Orn, Larson and Heidenreich', 'second edition'),
(439, '254715920-1', 'Terrace, The (Terrazza, La)', 'Danny Cyples', 'Rippin-Kreiger', 'seventh edition'),
(440, '184921822-6', 'The Evictors', 'Ladonna Stennes', 'Hegmann, Cummerata and Ernser', 'second edition'),
(441, '574785089-X', 'Thousand Cuts, A', 'Hilario Parradice', 'Hoppe Group', 'eighth edition'),
(442, '947809232-4', 'Teddy Bears'' Picnic', 'Erskine Derobert', 'Kling-O''Keefe', 'fourth edition'),
(443, '729348639-1', 'Whatever Happened to Harold Smith?', 'Ulrike Jeanes', 'Lowe-Hauck', 'third edition'),
(444, '002870457-6', 'Kingdom, The (Riget)', 'Shoshanna Soeiro', 'Bechtelar-Pfeffer', 'second edition'),
(445, '623338150-9', 'Nueba Yol', 'Herculie Shortan', 'Schinner Group', 'ninth edition'),
(446, '726124950-5', 'American Carol, An', 'Riley Ledes', 'Grant-Konopelski', 'n/a'),
(447, '326057276-7', 'Little Accidents', 'Lynde Castrillo', 'Hudson-Heidenreich', 'second edition'),
(448, '923193949-1', 'Devil Came on Horseback, The', 'Waylon Shynn', 'Dickinson-Abernathy', 'n/a'),
(449, '714548195-2', 'Marie from the Bay of Angels (Marie Baie Des Anges)', 'Malvina Dougherty', 'Braun Inc', 'n/a'),
(450, '610120165-1', 'Leave The World Behind', 'Aretha Micklewright', 'Hoppe, Boyle and Hammes', 'eighth edition'),
(451, '717497550-X', 'Daniel', 'Wanda Meagh', 'Daniel-Schiller', 'second edition'),
(452, '624190026-9', 'Midnight Mary', 'Courtney Pollitt', 'Franecki-Kutch', 'fith edition'),
(453, '187635068-7', 'My Kingdom', 'Friedrich Geach', 'Hyatt-Rolfson', 'second edition'),
(454, '210718249-3', 'First $20 Million Is Always the Hardest, The', 'Donica O''Currigan', 'Bednar Group', 'n/a'),
(455, '245951236-8', 'Expendables 2, The', 'Peder Jouning', 'Lubowitz-Batz', 'fith edition'),
(456, '553737323-8', 'Hellraiser III: Hell on Earth', 'Colleen Roseborough', 'Wilderman Inc', 'ninth edition'),
(457, '196357840-6', 'Asterix vs. Caesar (Astérix et la surprise de César)', 'Allie Domke', 'Bradtke-Nienow', 'ninth edition'),
(458, '013200748-7', 'Ernest Rides Again', 'Conny Leveret', 'Hayes, Simonis and Hand', 'fith edition'),
(459, '014594044-6', 'Best Men', 'Malinda Grimster', 'Bogan-Davis', 'sixth edition'),
(460, '584773167-1', 'Unrated II: Scary as Hell', 'La verne Van Bruggen', 'Kuvalis-Dach', 'third edition'),
(461, '529030361-8', 'Conspiracy', 'Mireielle Eberts', 'Stracke, Braun and Fritsch', 'seventh edition'),
(462, '146689488-1', 'Snakehead Terror', 'Halimeda Readhead', 'Rutherford-Becker', 'fourth edition'),
(463, '294541646-8', 'Filly Brown', 'Guglielma Rubert', 'D''Amore Group', 'first edition'),
(464, '636538849-7', 'And So It Is', 'Josselyn Eamer', 'Zemlak, Ziemann and Purdy', 'seventh edition'),
(465, '131940536-3', 'Devil''s Rejects, The', 'Rosina Novill', 'Swift-Jenkins', 'ninth edition'),
(466, '313463207-1', 'Murder by Contract', 'Modesty Denver', 'Ebert, Robel and Quitzon', 'first edition'),
(467, '437806880-X', 'It Had to Be You', 'Paulo Belbin', 'Muller LLC', 'seventh edition'),
(468, '798163642-6', 'Million Dollar Mermaid', 'Archibaldo Jobey', 'Kuhic-Dicki', 'n/a'),
(469, '555098501-2', 'Savage Grace', 'Vonnie Tilio', 'Kessler, Cole and Yost', 'sixth edition'),
(470, '873123208-6', 'Graffiti Bridge', 'Paxon Byres', 'Krajcik-Russel', 'n/a'),
(471, '406431348-8', 'Mifune''s Last Song (Mifunes sidste sang)', 'Patrizius Ziemen', 'Mann-Dach', 'ninth edition'),
(472, '843090425-5', 'The King and Four Queens', 'Cesare Oneill', 'Donnelly Group', 'second edition'),
(473, '241876266-1', 'Don''t Tell Anyone (No se lo digas a nadie)', 'Roger Ambrogetti', 'Zboncak, Herman and Windler', 'fith edition'),
(474, '004587219-8', 'Girlfriend Experience, The', 'Letitia Pashba', 'Ratke LLC', 'sixth edition'),
(475, '891178637-3', 'Drive Thru', 'Mitchael Leah', 'Weissnat-Wunsch', 'fourth edition'),
(476, '844348395-4', 'Jeopardy (a.k.a. A Woman in Jeopardy)', 'Billy Sambals', 'Pagac LLC', 'n/a'),
(477, '081591816-X', 'Anna and the King', 'Doe Wilshin', 'Bartoletti LLC', 'n/a'),
(478, '877102314-3', 'R.I.P.D.', 'Terencio Vedmore', 'Champlin-Pollich', 'first edition'),
(479, '816843788-8', '貞子3D', 'Susi Impy', 'Dickens-Botsford', 'second edition'),
(480, '211564703-3', 'Opfergang', 'Viv Lofts', 'Kuphal-Nicolas', 'n/a'),
(481, '317804990-8', 'Picnic at Hanging Rock', 'Tedi Frome', 'Jaskolski-Pfannerstill', 'eighth edition'),
(482, '607160515-6', 'Ministry of Fear', 'Amaleta Fletham', 'Hackett, Bogan and Medhurst', 'sixth edition'),
(483, '105892652-7', 'Return of Mod Squad, The', 'Conchita Menco', 'Bradtke-Dickens', 'sixth edition'),
(484, '107415081-3', 'Brother Bear', 'Cinda Tuddenham', 'Senger-Von', 'second edition'),
(485, '693497146-9', 'Rescuers Down Under, The', 'Morrie Devereux', 'Monahan, Moen and Welch', 'eighth edition'),
(486, '295242495-0', 'Talk to Me', 'Jori Cluelow', 'VonRueden and Sons', 'first edition'),
(487, '308058262-4', 'Portrait of a Lady, The', 'Hilario Fort', 'Berge, Grant and Lueilwitz', 'second edition'),
(488, '874342974-2', 'Topralli', 'Bendick Moggach', 'Larkin-Willms', 'third edition'),
(489, '609773516-2', 'House Bunny, The', 'Sacha Dossett', 'Rice LLC', 'sixth edition'),
(490, '973534759-8', 'With Honors', 'Adrienne Konertz', 'Mosciski-Heathcote', 'seventh edition'),
(491, '712443495-5', 'Surfwise', 'Dorian Pope', 'Schoen Inc', 'seventh edition'),
(492, '885731138-4', 'Maidens in Uniform (Mädchen in Uniform)', 'Nana Posen', 'Harber, Gottlieb and Orn', 'n/a'),
(493, '916274342-2', 'Cremaster 2', 'Rik Joy', 'Williamson, Renner and Pfannerstill', 'second edition'),
(494, '235464645-3', 'Jim Breuer: And Laughter for All', 'Ethyl Trillow', 'Lakin-Botsford', 'fith edition'),
(495, '595055298-9', 'Around the World Under the Sea', 'Annette Autin', 'Terry-Durgan', 'seventh edition'),
(496, '181291013-4', 'Beyond Tomorrow (Beyond Christmas)', 'Rriocard O''Loughnan', 'Labadie LLC', 'n/a'),
(497, '303734843-7', 'Dream Home (Wai dor lei ah yut ho)', 'Clevey Currington', 'Jerde-Williamson', 'third edition'),
(498, '241448968-5', 'Crows Zero (Kurôzu zero)', 'Ange Saice', 'Jerde-Leuschke', 'second edition'),
(499, '742420964-7', 'Bolero', 'Winny Bryett', 'Greenfelder, Lockman and Kreiger', 'seventh edition'),
(500, '813506621-X', 'Mike Bassett: England Manager', 'Emery Surman', 'Rogahn, Steuber and Senger', 'seventh edition');


-- listings
insert into listings (id, book_id, creator_id, course, condition) values 
(1, 473, 18, 'HIST 1167 The First World War', 'lightly used'),
(2, 161, 377, 'HIST 1167 The First World War', 'lightly used'),
(3, 17, 478, 'CPSC 2230 Data Structures and Programming Techniques', 'new'),
(4, 390, 350, 'HIST 3168 Quebec and Canada from 1791 to the Present', 'heavily used'),
(5, 25, 153, 'CPSC 2230 Data Structures and Programming Techniques', 'new'),
(6, 47, 495, 'CPSC 2230 Data Structures and Programming Techniques', 'new'),
(7, 174, 103, 'CPSC 4190 Full Stack Web Programming', 'lightly used'),
(8, 442, 417, 'HIST 3168 Quebec and Canada from 1791 to the Present', 'new'),
(9, 293, 15, 'HIST 1125 American Architecture and Urbanism', 'lightly used'),
(10, 349, 165, 'HIST 1167 The First World War', 'new'),
(11, 80, 475, 'HIST 1125 American Architecture and Urbanism', 'new'),
(12, 90, 500, 'CPSC 4190 Full Stack Web Programming', 'lightly used'),
(13, 76, 476, 'HIST 3168 Quebec and Canada from 1791 to the Present', 'heavily used'),
(14, 203, 193, 'CPSC 2230 Data Structures and Programming Techniques', 'new'),
(15, 55, 53, 'CPSC 1710 Introduction to AI Applications', 'new'),
(16, 124, 195, 'HIST 3168 Quebec and Canada from 1791 to the Present', 'lightly used'),
(17, 465, 291, 'HIST 1167 The First World War', 'new'),
(18, 109, 465, 'CPSC 2230 Data Structures and Programming Techniques', 'new'),
(19, 454, 351, 'HIST 1125 American Architecture and Urbanism', 'new'),
(20, 366, 408, 'CPSC 2230 Data Structures and Programming Techniques', 'new'),
(21, 40, 338, 'HIST 3168 Quebec and Canada from 1791 to the Present', 'lightly used'),
(22, 62, 484, 'HIST 1167 The First World War', 'lightly used'),
(23, 370, 413, 'HIST 1125 American Architecture and Urbanism', 'lightly used'),
(24, 178, 124, 'CPSC 1710 Introduction to AI Applications', 'lightly used'),
(25, 185, 442, 'HIST 1167 The First World War', 'new'),
(26, 323, 242, 'HIST 1167 The First World War', 'new'),
(27, 101, 3, 'HIST 3168 Quebec and Canada from 1791 to the Present', 'heavily used'),
(28, 5, 350, 'HIST 1125 American Architecture and Urbanism', 'new'),
(29, 327, 180, 'CPSC 4190 Full Stack Web Programming', 'heavily used'),
(30, 109, 457, 'CPSC 1710 Introduction to AI Applications', 'heavily used'),
(31, 468, 187, 'HIST 3168 Quebec and Canada from 1791 to the Present', 'heavily used'),
(32, 294, 480, 'HIST 1167 The First World War', 'heavily used'),
(33, 389, 231, 'HIST 1125 American Architecture and Urbanism', 'lightly used'),
(34, 137, 48, 'CPSC 1710 Introduction to AI Applications', 'lightly used'),
(35, 52, 254, 'HIST 3168 Quebec and Canada from 1791 to the Present', 'heavily used'),
(36, 469, 193, 'CPSC 1710 Introduction to AI Applications', 'lightly used'),
(37, 470, 166, 'HIST 3168 Quebec and Canada from 1791 to the Present', 'heavily used'),
(38, 113, 454, 'CPSC 4190 Full Stack Web Programming', 'new'),
(39, 440, 13, 'CPSC 4190 Full Stack Web Programming', 'lightly used'),
(40, 342, 299, 'CPSC 4190 Full Stack Web Programming', 'new'),
(41, 298, 201, 'CPSC 4190 Full Stack Web Programming', 'lightly used'),
(42, 414, 50, 'CPSC 4190 Full Stack Web Programming', 'new'),
(43, 145, 403, 'CPSC 4190 Full Stack Web Programming', 'lightly used'),
(44, 450, 230, 'HIST 3168 Quebec and Canada from 1791 to the Present', 'heavily used'),
(45, 220, 395, 'HIST 1125 American Architecture and Urbanism', 'new'),
(46, 472, 490, 'CPSC 4190 Full Stack Web Programming', 'new'),
(47, 392, 212, 'HIST 1167 The First World War', 'new'),
(48, 115, 485, 'HIST 3168 Quebec and Canada from 1791 to the Present', 'heavily used'),
(49, 98, 472, 'HIST 3168 Quebec and Canada from 1791 to the Present', 'new'),
(50, 139, 45, 'HIST 1125 American Architecture and Urbanism', 'new'),
(51, 264, 323, 'HIST 1125 American Architecture and Urbanism', 'heavily used'),
(52, 491, 446, 'HIST 1167 The First World War', 'new'),
(53, 486, 247, 'CPSC 1710 Introduction to AI Applications', 'new'),
(54, 227, 163, 'CPSC 2230 Data Structures and Programming Techniques', 'new'),
(55, 444, 473, 'CPSC 2230 Data Structures and Programming Techniques', 'lightly used'),
(56, 46, 59, 'HIST 1125 American Architecture and Urbanism', 'lightly used'),
(57, 459, 370, 'HIST 1125 American Architecture and Urbanism', 'new'),
(58, 182, 379, 'CPSC 2230 Data Structures and Programming Techniques', 'new'),
(59, 262, 71, 'CPSC 4190 Full Stack Web Programming', 'lightly used'),
(60, 401, 387, 'CPSC 4190 Full Stack Web Programming', 'heavily used'),
(61, 388, 300, 'CPSC 4190 Full Stack Web Programming', 'heavily used'),
(62, 204, 148, 'HIST 3168 Quebec and Canada from 1791 to the Present', 'new'),
(63, 97, 431, 'HIST 1125 American Architecture and Urbanism', 'new'),
(64, 457, 368, 'HIST 1125 American Architecture and Urbanism', 'new'),
(65, 3, 237, 'HIST 1125 American Architecture and Urbanism', 'new'),
(66, 369, 31, 'CPSC 2230 Data Structures and Programming Techniques', 'new'),
(67, 398, 222, 'HIST 1125 American Architecture and Urbanism', 'lightly used'),
(68, 289, 45, 'CPSC 2230 Data Structures and Programming Techniques', 'lightly used'),
(69, 357, 15, 'HIST 3168 Quebec and Canada from 1791 to the Present', 'new'),
(70, 290, 207, 'CPSC 2230 Data Structures and Programming Techniques', 'new'),
(71, 211, 142, 'CPSC 4190 Full Stack Web Programming', 'lightly used'),
(72, 464, 88, 'HIST 3168 Quebec and Canada from 1791 to the Present', 'heavily used'),
(73, 282, 440, 'CPSC 4190 Full Stack Web Programming', 'new'),
(74, 140, 418, 'HIST 1125 American Architecture and Urbanism', 'new'),
(75, 308, 166, 'HIST 3168 Quebec and Canada from 1791 to the Present', 'heavily used'),
(76, 485, 23, 'CPSC 1710 Introduction to AI Applications', 'new'),
(77, 384, 267, 'HIST 1167 The First World War', 'heavily used'),
(78, 110, 361, 'HIST 1125 American Architecture and Urbanism', 'new'),
(79, 396, 380, 'HIST 3168 Quebec and Canada from 1791 to the Present', 'lightly used'),
(80, 338, 347, 'CPSC 2230 Data Structures and Programming Techniques', 'lightly used'),
(81, 238, 342, 'CPSC 2230 Data Structures and Programming Techniques', 'lightly used'),
(82, 109, 363, 'CPSC 1710 Introduction to AI Applications', 'lightly used'),
(83, 26, 307, 'CPSC 4190 Full Stack Web Programming', 'new'),
(84, 405, 328, 'CPSC 4190 Full Stack Web Programming', 'lightly used'),
(85, 265, 326, 'HIST 3168 Quebec and Canada from 1791 to the Present', 'new'),
(86, 306, 113, 'HIST 3168 Quebec and Canada from 1791 to the Present', 'lightly used'),
(87, 338, 157, 'HIST 3168 Quebec and Canada from 1791 to the Present', 'lightly used'),
(88, 22, 412, 'HIST 1125 American Architecture and Urbanism', 'heavily used'),
(89, 197, 31, 'HIST 1125 American Architecture and Urbanism', 'lightly used'),
(90, 112, 112, 'HIST 1125 American Architecture and Urbanism', 'lightly used'),
(91, 109, 105, 'HIST 3168 Quebec and Canada from 1791 to the Present', 'heavily used'),
(92, 377, 8, 'HIST 1167 The First World War', 'new'),
(93, 109, 268, 'CPSC 4190 Full Stack Web Programming', 'lightly used'),
(94, 434, 499, 'CPSC 2230 Data Structures and Programming Techniques', 'heavily used'),
(95, 354, 2, 'HIST 1125 American Architecture and Urbanism', 'heavily used'),
(96, 341, 119, 'HIST 1125 American Architecture and Urbanism', 'heavily used'),
(97, 65, 217, 'HIST 3168 Quebec and Canada from 1791 to the Present', 'new'),
(98, 315, 10, 'HIST 3168 Quebec and Canada from 1791 to the Present', 'heavily used'),
(99, 222, 58, 'HIST 1125 American Architecture and Urbanism', 'heavily used'),
(100, 475, 428, 'CPSC 4190 Full Stack Web Programming', 'new'),
(101, 237, 383, 'CPSC 4190 Full Stack Web Programming', 'heavily used'),
(102, 440, 473, 'HIST 1167 The First World War', 'heavily used'),
(103, 165, 491, 'CPSC 4190 Full Stack Web Programming', 'new'),
(104, 276, 377, 'HIST 1167 The First World War', 'lightly used'),
(105, 38, 117, 'CPSC 1710 Introduction to AI Applications', 'heavily used'),
(106, 486, 397, 'CPSC 1710 Introduction to AI Applications', 'new'),
(107, 78, 175, 'CPSC 4190 Full Stack Web Programming', 'heavily used'),
(108, 394, 415, 'CPSC 1710 Introduction to AI Applications', 'lightly used'),
(109, 45, 493, 'CPSC 4190 Full Stack Web Programming', 'heavily used'),
(110, 397, 485, 'CPSC 4190 Full Stack Web Programming', 'new'),
(111, 431, 337, 'HIST 1167 The First World War', 'new'),
(112, 154, 391, 'CPSC 1710 Introduction to AI Applications', 'new'),
(113, 375, 322, 'CPSC 1710 Introduction to AI Applications', 'heavily used'),
(114, 353, 98, 'HIST 1167 The First World War', 'new'),
(115, 178, 219, 'HIST 1125 American Architecture and Urbanism', 'new'),
(116, 274, 249, 'CPSC 1710 Introduction to AI Applications', 'heavily used'),
(117, 327, 262, 'HIST 1167 The First World War', 'heavily used'),
(118, 44, 227, 'CPSC 2230 Data Structures and Programming Techniques', 'lightly used'),
(119, 313, 364, 'CPSC 1710 Introduction to AI Applications', 'heavily used'),
(120, 332, 253, 'CPSC 4190 Full Stack Web Programming', 'lightly used'),
(121, 75, 351, 'HIST 3168 Quebec and Canada from 1791 to the Present', 'heavily used'),
(122, 451, 357, 'CPSC 4190 Full Stack Web Programming', 'lightly used'),
(123, 161, 215, 'CPSC 1710 Introduction to AI Applications', 'heavily used'),
(124, 336, 275, 'HIST 1125 American Architecture and Urbanism', 'new'),
(125, 283, 331, 'HIST 3168 Quebec and Canada from 1791 to the Present', 'heavily used'),
(126, 66, 479, 'CPSC 2230 Data Structures and Programming Techniques', 'heavily used'),
(127, 31, 337, 'CPSC 1710 Introduction to AI Applications', 'lightly used'),
(128, 430, 21, 'HIST 1125 American Architecture and Urbanism', 'lightly used'),
(129, 265, 415, 'HIST 3168 Quebec and Canada from 1791 to the Present', 'new'),
(130, 378, 94, 'HIST 1167 The First World War', 'heavily used'),
(131, 354, 171, 'HIST 3168 Quebec and Canada from 1791 to the Present', 'lightly used'),
(132, 25, 159, 'HIST 3168 Quebec and Canada from 1791 to the Present', 'new'),
(133, 374, 343, 'HIST 1167 The First World War', 'lightly used'),
(134, 261, 443, 'HIST 1125 American Architecture and Urbanism', 'lightly used'),
(135, 165, 35, 'CPSC 2230 Data Structures and Programming Techniques', 'new'),
(136, 165, 154, 'HIST 1125 American Architecture and Urbanism', 'heavily used'),
(137, 298, 415, 'HIST 1125 American Architecture and Urbanism', 'new'),
(138, 287, 306, 'HIST 3168 Quebec and Canada from 1791 to the Present', 'new'),
(139, 103, 467, 'HIST 1167 The First World War', 'heavily used'),
(140, 199, 35, 'CPSC 2230 Data Structures and Programming Techniques', 'lightly used'),
(141, 139, 364, 'HIST 1125 American Architecture and Urbanism', 'lightly used'),
(142, 355, 17, 'HIST 1167 The First World War', 'heavily used'),
(143, 386, 394, 'HIST 1167 The First World War', 'lightly used'),
(144, 421, 21, 'HIST 1167 The First World War', 'new'),
(145, 106, 442, 'CPSC 1710 Introduction to AI Applications', 'lightly used'),
(146, 275, 94, 'HIST 3168 Quebec and Canada from 1791 to the Present', 'heavily used'),
(147, 218, 498, 'CPSC 2230 Data Structures and Programming Techniques', 'lightly used'),
(148, 290, 107, 'HIST 3168 Quebec and Canada from 1791 to the Present', 'lightly used'),
(149, 65, 354, 'CPSC 4190 Full Stack Web Programming', 'new'),
(150, 352, 427, 'HIST 1167 The First World War', 'new'),
(151, 113, 434, 'CPSC 2230 Data Structures and Programming Techniques', 'lightly used'),
(152, 271, 437, 'HIST 1125 American Architecture and Urbanism', 'lightly used'),
(153, 368, 333, 'HIST 1167 The First World War', 'lightly used'),
(154, 406, 316, 'CPSC 4190 Full Stack Web Programming', 'lightly used'),
(155, 98, 355, 'CPSC 4190 Full Stack Web Programming', 'new'),
(156, 441, 352, 'CPSC 1710 Introduction to AI Applications', 'new'),
(157, 194, 374, 'HIST 1167 The First World War', 'new'),
(158, 175, 98, 'CPSC 2230 Data Structures and Programming Techniques', 'heavily used'),
(159, 494, 304, 'CPSC 4190 Full Stack Web Programming', 'lightly used'),
(160, 38, 200, 'HIST 1125 American Architecture and Urbanism', 'lightly used'),
(161, 74, 113, 'HIST 1125 American Architecture and Urbanism', 'lightly used'),
(162, 183, 41, 'HIST 1125 American Architecture and Urbanism', 'new'),
(163, 453, 283, 'HIST 1167 The First World War', 'new'),
(164, 279, 68, 'CPSC 4190 Full Stack Web Programming', 'lightly used'),
(165, 440, 469, 'CPSC 1710 Introduction to AI Applications', 'new'),
(166, 52, 141, 'HIST 1125 American Architecture and Urbanism', 'lightly used'),
(167, 80, 423, 'CPSC 4190 Full Stack Web Programming', 'heavily used'),
(168, 196, 490, 'HIST 1167 The First World War', 'heavily used'),
(169, 362, 2, 'CPSC 1710 Introduction to AI Applications', 'new'),
(170, 435, 224, 'HIST 1167 The First World War', 'heavily used'),
(171, 82, 455, 'HIST 1167 The First World War', 'lightly used'),
(172, 458, 74, 'HIST 1167 The First World War', 'new'),
(173, 103, 68, 'HIST 1167 The First World War', 'lightly used'),
(174, 135, 277, 'CPSC 1710 Introduction to AI Applications', 'new'),
(175, 452, 485, 'CPSC 4190 Full Stack Web Programming', 'heavily used'),
(176, 406, 443, 'CPSC 1710 Introduction to AI Applications', 'new'),
(177, 120, 17, 'HIST 3168 Quebec and Canada from 1791 to the Present', 'new'),
(178, 268, 317, 'CPSC 2230 Data Structures and Programming Techniques', 'lightly used'),
(179, 312, 477, 'CPSC 2230 Data Structures and Programming Techniques', 'heavily used'),
(180, 492, 450, 'CPSC 1710 Introduction to AI Applications', 'heavily used'),
(181, 489, 193, 'CPSC 4190 Full Stack Web Programming', 'new'),
(182, 343, 449, 'HIST 3168 Quebec and Canada from 1791 to the Present', 'lightly used'),
(183, 71, 411, 'CPSC 1710 Introduction to AI Applications', 'heavily used'),
(184, 185, 284, 'HIST 3168 Quebec and Canada from 1791 to the Present', 'lightly used'),
(185, 434, 118, 'HIST 1167 The First World War', 'new'),
(186, 316, 270, 'HIST 1167 The First World War', 'new'),
(187, 258, 169, 'CPSC 2230 Data Structures and Programming Techniques', 'lightly used'),
(188, 31, 279, 'CPSC 1710 Introduction to AI Applications', 'heavily used'),
(189, 158, 23, 'HIST 1167 The First World War', 'heavily used'),
(190, 37, 88, 'HIST 1125 American Architecture and Urbanism', 'new'),
(191, 204, 108, 'HIST 1125 American Architecture and Urbanism', 'lightly used'),
(192, 5, 351, 'HIST 1167 The First World War', 'new'),
(193, 129, 357, 'CPSC 4190 Full Stack Web Programming', 'lightly used'),
(194, 122, 345, 'CPSC 4190 Full Stack Web Programming', 'heavily used'),
(195, 374, 260, 'HIST 3168 Quebec and Canada from 1791 to the Present', 'lightly used'),
(196, 59, 23, 'CPSC 1710 Introduction to AI Applications', 'lightly used'),
(197, 298, 333, 'HIST 1125 American Architecture and Urbanism', 'lightly used'),
(198, 481, 324, 'HIST 3168 Quebec and Canada from 1791 to the Present', 'heavily used'),
(199, 437, 217, 'HIST 1125 American Architecture and Urbanism', 'new'),
(200, 152, 297, 'HIST 1125 American Architecture and Urbanism', 'lightly used'),
(201, 185, 200, 'HIST 3168 Quebec and Canada from 1791 to the Present', 'lightly used'),
(202, 310, 274, 'CPSC 1710 Introduction to AI Applications', 'new'),
(203, 117, 49, 'HIST 1125 American Architecture and Urbanism', 'lightly used'),
(204, 407, 12, 'HIST 1167 The First World War', 'new'),
(205, 475, 278, 'CPSC 4190 Full Stack Web Programming', 'heavily used'),
(206, 155, 101, 'CPSC 1710 Introduction to AI Applications', 'lightly used'),
(207, 192, 386, 'HIST 1167 The First World War', 'new'),
(208, 156, 442, 'HIST 3168 Quebec and Canada from 1791 to the Present', 'heavily used'),
(209, 292, 318, 'CPSC 2230 Data Structures and Programming Techniques', 'heavily used'),
(210, 57, 449, 'CPSC 4190 Full Stack Web Programming', 'lightly used'),
(211, 183, 288, 'CPSC 4190 Full Stack Web Programming', 'new'),
(212, 322, 330, 'CPSC 2230 Data Structures and Programming Techniques', 'heavily used'),
(213, 304, 288, 'HIST 3168 Quebec and Canada from 1791 to the Present', 'lightly used'),
(214, 84, 426, 'HIST 1125 American Architecture and Urbanism', 'heavily used'),
(215, 77, 135, 'HIST 1167 The First World War', 'lightly used'),
(216, 488, 102, 'CPSC 1710 Introduction to AI Applications', 'new'),
(217, 169, 269, 'CPSC 1710 Introduction to AI Applications', 'heavily used'),
(218, 260, 123, 'HIST 3168 Quebec and Canada from 1791 to the Present', 'lightly used'),
(219, 190, 212, 'CPSC 4190 Full Stack Web Programming', 'heavily used'),
(220, 246, 22, 'CPSC 2230 Data Structures and Programming Techniques', 'lightly used'),
(221, 13, 404, 'CPSC 4190 Full Stack Web Programming', 'lightly used'),
(222, 374, 232, 'HIST 1125 American Architecture and Urbanism', 'lightly used'),
(223, 378, 101, 'HIST 3168 Quebec and Canada from 1791 to the Present', 'heavily used'),
(224, 11, 160, 'HIST 1125 American Architecture and Urbanism', 'lightly used'),
(225, 283, 194, 'CPSC 1710 Introduction to AI Applications', 'lightly used'),
(226, 262, 343, 'HIST 1125 American Architecture and Urbanism', 'heavily used'),
(227, 3, 364, 'HIST 3168 Quebec and Canada from 1791 to the Present', 'new'),
(228, 12, 71, 'CPSC 2230 Data Structures and Programming Techniques', 'new'),
(229, 301, 237, 'CPSC 4190 Full Stack Web Programming', 'new'),
(230, 368, 154, 'HIST 1125 American Architecture and Urbanism', 'lightly used'),
(231, 25, 164, 'HIST 1167 The First World War', 'lightly used'),
(232, 193, 229, 'HIST 1125 American Architecture and Urbanism', 'heavily used'),
(233, 361, 83, 'CPSC 4190 Full Stack Web Programming', 'new'),
(234, 482, 206, 'CPSC 1710 Introduction to AI Applications', 'lightly used'),
(235, 500, 25, 'CPSC 1710 Introduction to AI Applications', 'new'),
(236, 354, 29, 'CPSC 2230 Data Structures and Programming Techniques', 'new'),
(237, 235, 319, 'CPSC 1710 Introduction to AI Applications', 'heavily used'),
(238, 480, 378, 'CPSC 1710 Introduction to AI Applications', 'new'),
(239, 26, 397, 'HIST 1167 The First World War', 'new'),
(240, 314, 447, 'CPSC 1710 Introduction to AI Applications', 'heavily used'),
(241, 251, 484, 'CPSC 1710 Introduction to AI Applications', 'lightly used'),
(242, 422, 136, 'HIST 1167 The First World War', 'new'),
(243, 313, 489, 'HIST 1125 American Architecture and Urbanism', 'new'),
(244, 313, 208, 'HIST 3168 Quebec and Canada from 1791 to the Present', 'heavily used'),
(245, 159, 51, 'HIST 1125 American Architecture and Urbanism', 'lightly used'),
(246, 135, 253, 'CPSC 1710 Introduction to AI Applications', 'lightly used'),
(247, 436, 170, 'CPSC 2230 Data Structures and Programming Techniques', 'heavily used'),
(248, 104, 330, 'CPSC 4190 Full Stack Web Programming', 'new'),
(249, 209, 483, 'HIST 3168 Quebec and Canada from 1791 to the Present', 'heavily used'),
(250, 445, 187, 'CPSC 2230 Data Structures and Programming Techniques', 'lightly used'),
(251, 479, 403, 'CPSC 4190 Full Stack Web Programming', 'lightly used'),
(252, 435, 421, 'HIST 1125 American Architecture and Urbanism', 'heavily used'),
(253, 379, 371, 'CPSC 2230 Data Structures and Programming Techniques', 'lightly used'),
(254, 144, 30, 'CPSC 4190 Full Stack Web Programming', 'lightly used'),
(255, 199, 273, 'HIST 3168 Quebec and Canada from 1791 to the Present', 'lightly used'),
(256, 41, 491, 'HIST 1167 The First World War', 'heavily used'),
(257, 200, 15, 'CPSC 1710 Introduction to AI Applications', 'heavily used'),
(258, 428, 46, 'HIST 3168 Quebec and Canada from 1791 to the Present', 'new'),
(259, 385, 299, 'CPSC 1710 Introduction to AI Applications', 'lightly used'),
(260, 165, 68, 'HIST 1167 The First World War', 'new'),
(261, 125, 413, 'HIST 1167 The First World War', 'lightly used'),
(262, 117, 139, 'HIST 1167 The First World War', 'new'),
(263, 416, 48, 'HIST 3168 Quebec and Canada from 1791 to the Present', 'new'),
(264, 454, 49, 'CPSC 4190 Full Stack Web Programming', 'heavily used'),
(265, 113, 346, 'HIST 1167 The First World War', 'lightly used'),
(266, 336, 411, 'HIST 3168 Quebec and Canada from 1791 to the Present', 'heavily used'),
(267, 482, 203, 'HIST 1125 American Architecture and Urbanism', 'new'),
(268, 357, 191, 'CPSC 4190 Full Stack Web Programming', 'heavily used'),
(269, 425, 105, 'HIST 3168 Quebec and Canada from 1791 to the Present', 'lightly used'),
(270, 76, 124, 'CPSC 1710 Introduction to AI Applications', 'lightly used'),
(271, 370, 488, 'CPSC 4190 Full Stack Web Programming', 'heavily used'),
(272, 276, 38, 'CPSC 1710 Introduction to AI Applications', 'lightly used'),
(273, 439, 346, 'HIST 3168 Quebec and Canada from 1791 to the Present', 'new'),
(274, 250, 388, 'HIST 1167 The First World War', 'lightly used'),
(275, 466, 320, 'HIST 1125 American Architecture and Urbanism', 'new'),
(276, 173, 184, 'HIST 1167 The First World War', 'lightly used'),
(277, 68, 330, 'HIST 1125 American Architecture and Urbanism', 'heavily used'),
(278, 37, 156, 'CPSC 2230 Data Structures and Programming Techniques', 'heavily used'),
(279, 127, 360, 'CPSC 2230 Data Structures and Programming Techniques', 'heavily used'),
(280, 299, 397, 'HIST 1167 The First World War', 'lightly used'),
(281, 204, 341, 'CPSC 1710 Introduction to AI Applications', 'heavily used'),
(282, 350, 455, 'CPSC 2230 Data Structures and Programming Techniques', 'heavily used'),
(283, 221, 21, 'HIST 1167 The First World War', 'new'),
(284, 393, 420, 'CPSC 2230 Data Structures and Programming Techniques', 'new'),
(285, 159, 142, 'HIST 1167 The First World War', 'new'),
(286, 474, 397, 'HIST 1125 American Architecture and Urbanism', 'lightly used'),
(287, 57, 279, 'CPSC 1710 Introduction to AI Applications', 'new'),
(288, 344, 328, 'HIST 3168 Quebec and Canada from 1791 to the Present', 'new'),
(289, 321, 152, 'CPSC 2230 Data Structures and Programming Techniques', 'heavily used'),
(290, 308, 288, 'HIST 3168 Quebec and Canada from 1791 to the Present', 'new'),
(291, 122, 368, 'CPSC 1710 Introduction to AI Applications', 'heavily used'),
(292, 75, 319, 'HIST 1125 American Architecture and Urbanism', 'heavily used'),
(293, 457, 48, 'CPSC 1710 Introduction to AI Applications', 'lightly used'),
(294, 465, 291, 'CPSC 2230 Data Structures and Programming Techniques', 'heavily used'),
(295, 320, 26, 'HIST 1167 The First World War', 'heavily used'),
(296, 441, 120, 'HIST 1125 American Architecture and Urbanism', 'lightly used'),
(297, 448, 393, 'HIST 1167 The First World War', 'lightly used'),
(298, 488, 326, 'CPSC 1710 Introduction to AI Applications', 'new'),
(299, 257, 373, 'HIST 3168 Quebec and Canada from 1791 to the Present', 'lightly used'),
(300, 160, 408, 'CPSC 2230 Data Structures and Programming Techniques', 'new'),
(301, 40, 226, 'CPSC 4190 Full Stack Web Programming', 'heavily used'),
(302, 373, 46, 'CPSC 1710 Introduction to AI Applications', 'heavily used'),
(303, 69, 242, 'HIST 1125 American Architecture and Urbanism', 'heavily used'),
(304, 361, 2, 'HIST 3168 Quebec and Canada from 1791 to the Present', 'new'),
(305, 328, 346, 'CPSC 2230 Data Structures and Programming Techniques', 'heavily used'),
(306, 204, 179, 'CPSC 1710 Introduction to AI Applications', 'lightly used'),
(307, 308, 300, 'HIST 1167 The First World War', 'lightly used'),
(308, 311, 331, 'HIST 1167 The First World War', 'new'),
(309, 282, 422, 'CPSC 2230 Data Structures and Programming Techniques', 'heavily used'),
(310, 105, 157, 'HIST 1167 The First World War', 'heavily used'),
(311, 354, 137, 'HIST 1167 The First World War', 'new'),
(312, 433, 117, 'CPSC 2230 Data Structures and Programming Techniques', 'heavily used'),
(313, 366, 373, 'CPSC 4190 Full Stack Web Programming', 'new'),
(314, 98, 261, 'HIST 1125 American Architecture and Urbanism', 'new'),
(315, 69, 258, 'CPSC 4190 Full Stack Web Programming', 'lightly used'),
(316, 185, 229, 'HIST 1125 American Architecture and Urbanism', 'new'),
(317, 170, 179, 'HIST 1167 The First World War', 'new'),
(318, 289, 2, 'CPSC 1710 Introduction to AI Applications', 'heavily used'),
(319, 494, 150, 'HIST 1167 The First World War', 'heavily used'),
(320, 425, 341, 'CPSC 1710 Introduction to AI Applications', 'new'),
(321, 145, 413, 'HIST 3168 Quebec and Canada from 1791 to the Present', 'heavily used'),
(322, 132, 25, 'HIST 1167 The First World War', 'heavily used'),
(323, 321, 266, 'HIST 3168 Quebec and Canada from 1791 to the Present', 'new'),
(324, 73, 315, 'HIST 1125 American Architecture and Urbanism', 'new'),
(325, 247, 15, 'HIST 3168 Quebec and Canada from 1791 to the Present', 'heavily used'),
(326, 150, 247, 'CPSC 1710 Introduction to AI Applications', 'heavily used'),
(327, 75, 494, 'HIST 1125 American Architecture and Urbanism', 'lightly used'),
(328, 175, 74, 'HIST 1125 American Architecture and Urbanism', 'lightly used'),
(329, 391, 411, 'HIST 3168 Quebec and Canada from 1791 to the Present', 'new'),
(330, 66, 42, 'CPSC 1710 Introduction to AI Applications', 'lightly used'),
(331, 105, 398, 'CPSC 4190 Full Stack Web Programming', 'lightly used'),
(332, 155, 477, 'CPSC 1710 Introduction to AI Applications', 'heavily used'),
(333, 441, 23, 'CPSC 2230 Data Structures and Programming Techniques', 'lightly used'),
(334, 164, 235, 'CPSC 1710 Introduction to AI Applications', 'new'),
(335, 288, 235, 'CPSC 1710 Introduction to AI Applications', 'new'),
(336, 496, 3, 'CPSC 1710 Introduction to AI Applications', 'new'),
(337, 166, 25, 'HIST 1125 American Architecture and Urbanism', 'lightly used'),
(338, 220, 408, 'HIST 1125 American Architecture and Urbanism', 'new'),
(339, 26, 333, 'HIST 1167 The First World War', 'lightly used'),
(340, 475, 354, 'CPSC 1710 Introduction to AI Applications', 'heavily used'),
(341, 53, 69, 'HIST 1167 The First World War', 'new'),
(342, 103, 349, 'CPSC 1710 Introduction to AI Applications', 'new'),
(343, 395, 67, 'CPSC 1710 Introduction to AI Applications', 'new'),
(344, 31, 372, 'CPSC 2230 Data Structures and Programming Techniques', 'new'),
(345, 269, 94, 'CPSC 2230 Data Structures and Programming Techniques', 'new'),
(346, 440, 226, 'CPSC 4190 Full Stack Web Programming', 'heavily used'),
(347, 384, 218, 'HIST 1167 The First World War', 'new'),
(348, 99, 379, 'CPSC 1710 Introduction to AI Applications', 'new'),
(349, 189, 326, 'CPSC 4190 Full Stack Web Programming', 'new'),
(350, 62, 277, 'HIST 3168 Quebec and Canada from 1791 to the Present', 'new'),
(351, 44, 320, 'HIST 1125 American Architecture and Urbanism', 'lightly used'),
(352, 154, 96, 'HIST 3168 Quebec and Canada from 1791 to the Present', 'heavily used'),
(353, 75, 188, 'CPSC 4190 Full Stack Web Programming', 'lightly used'),
(354, 92, 392, 'HIST 1125 American Architecture and Urbanism', 'heavily used'),
(355, 96, 411, 'HIST 1125 American Architecture and Urbanism', 'heavily used'),
(356, 275, 385, 'HIST 1167 The First World War', 'lightly used'),
(357, 259, 26, 'CPSC 2230 Data Structures and Programming Techniques', 'lightly used'),
(358, 142, 3, 'HIST 1167 The First World War', 'lightly used'),
(359, 34, 199, 'CPSC 4190 Full Stack Web Programming', 'lightly used'),
(360, 494, 264, 'CPSC 2230 Data Structures and Programming Techniques', 'new'),
(361, 495, 163, 'HIST 1125 American Architecture and Urbanism', 'heavily used'),
(362, 124, 495, 'HIST 1125 American Architecture and Urbanism', 'new'),
(363, 463, 364, 'HIST 1167 The First World War', 'lightly used'),
(364, 284, 205, 'HIST 1125 American Architecture and Urbanism', 'lightly used'),
(365, 471, 45, 'HIST 3168 Quebec and Canada from 1791 to the Present', 'lightly used'),
(366, 121, 275, 'CPSC 1710 Introduction to AI Applications', 'heavily used'),
(367, 177, 390, 'CPSC 1710 Introduction to AI Applications', 'lightly used'),
(368, 229, 457, 'HIST 1167 The First World War', 'lightly used'),
(369, 355, 440, 'CPSC 1710 Introduction to AI Applications', 'new'),
(370, 494, 337, 'CPSC 1710 Introduction to AI Applications', 'heavily used'),
(371, 293, 273, 'CPSC 4190 Full Stack Web Programming', 'heavily used'),
(372, 421, 95, 'CPSC 4190 Full Stack Web Programming', 'lightly used'),
(373, 152, 427, 'CPSC 2230 Data Structures and Programming Techniques', 'lightly used'),
(374, 401, 452, 'CPSC 4190 Full Stack Web Programming', 'lightly used'),
(375, 51, 188, 'CPSC 1710 Introduction to AI Applications', 'lightly used'),
(376, 367, 266, 'CPSC 2230 Data Structures and Programming Techniques', 'new'),
(377, 448, 258, 'CPSC 2230 Data Structures and Programming Techniques', 'heavily used'),
(378, 418, 367, 'HIST 1125 American Architecture and Urbanism', 'heavily used'),
(379, 435, 488, 'HIST 1167 The First World War', 'heavily used'),
(380, 345, 161, 'CPSC 2230 Data Structures and Programming Techniques', 'new'),
(381, 344, 412, 'CPSC 4190 Full Stack Web Programming', 'lightly used'),
(382, 226, 136, 'HIST 1167 The First World War', 'lightly used'),
(383, 77, 229, 'CPSC 4190 Full Stack Web Programming', 'lightly used'),
(384, 358, 412, 'CPSC 1710 Introduction to AI Applications', 'new'),
(385, 191, 498, 'HIST 1167 The First World War', 'lightly used'),
(386, 161, 20, 'HIST 3168 Quebec and Canada from 1791 to the Present', 'heavily used'),
(387, 426, 409, 'CPSC 4190 Full Stack Web Programming', 'heavily used'),
(388, 427, 260, 'CPSC 1710 Introduction to AI Applications', 'heavily used'),
(389, 228, 95, 'HIST 1167 The First World War', 'lightly used'),
(390, 264, 412, 'HIST 1167 The First World War', 'lightly used'),
(391, 12, 430, 'HIST 1167 The First World War', 'new'),
(392, 115, 491, 'HIST 3168 Quebec and Canada from 1791 to the Present', 'heavily used'),
(393, 440, 146, 'CPSC 4190 Full Stack Web Programming', 'lightly used'),
(394, 399, 304, 'HIST 1125 American Architecture and Urbanism', 'lightly used'),
(395, 456, 442, 'HIST 3168 Quebec and Canada from 1791 to the Present', 'lightly used'),
(396, 234, 84, 'HIST 3168 Quebec and Canada from 1791 to the Present', 'lightly used'),
(397, 89, 102, 'CPSC 4190 Full Stack Web Programming', 'lightly used'),
(398, 172, 188, 'CPSC 4190 Full Stack Web Programming', 'new'),
(399, 93, 142, 'HIST 1167 The First World War', 'heavily used'),
(400, 180, 472, 'CPSC 4190 Full Stack Web Programming', 'heavily used'),
(401, 208, 64, 'CPSC 1710 Introduction to AI Applications', 'lightly used'),
(402, 155, 499, 'CPSC 2230 Data Structures and Programming Techniques', 'heavily used'),
(403, 445, 32, 'CPSC 2230 Data Structures and Programming Techniques', 'new'),
(404, 486, 432, 'CPSC 4190 Full Stack Web Programming', 'lightly used'),
(405, 230, 380, 'CPSC 2230 Data Structures and Programming Techniques', 'heavily used'),
(406, 44, 46, 'HIST 1167 The First World War', 'heavily used'),
(407, 335, 139, 'CPSC 2230 Data Structures and Programming Techniques', 'new'),
(408, 3, 449, 'CPSC 4190 Full Stack Web Programming', 'heavily used'),
(409, 10, 353, 'HIST 1125 American Architecture and Urbanism', 'new'),
(410, 213, 122, 'HIST 1167 The First World War', 'heavily used'),
(411, 61, 146, 'CPSC 2230 Data Structures and Programming Techniques', 'lightly used'),
(412, 389, 66, 'CPSC 4190 Full Stack Web Programming', 'new'),
(413, 402, 464, 'CPSC 1710 Introduction to AI Applications', 'lightly used'),
(414, 333, 224, 'CPSC 2230 Data Structures and Programming Techniques', 'new'),
(415, 199, 426, 'CPSC 2230 Data Structures and Programming Techniques', 'lightly used'),
(416, 330, 50, 'HIST 3168 Quebec and Canada from 1791 to the Present', 'new'),
(417, 459, 356, 'CPSC 2230 Data Structures and Programming Techniques', 'new'),
(418, 484, 384, 'CPSC 2230 Data Structures and Programming Techniques', 'heavily used'),
(419, 443, 181, 'CPSC 2230 Data Structures and Programming Techniques', 'lightly used'),
(420, 200, 73, 'CPSC 4190 Full Stack Web Programming', 'heavily used'),
(421, 168, 339, 'CPSC 2230 Data Structures and Programming Techniques', 'heavily used'),
(422, 253, 64, 'CPSC 4190 Full Stack Web Programming', 'lightly used'),
(423, 184, 216, 'HIST 3168 Quebec and Canada from 1791 to the Present', 'lightly used'),
(424, 138, 482, 'HIST 1167 The First World War', 'heavily used'),
(425, 395, 87, 'CPSC 4190 Full Stack Web Programming', 'lightly used'),
(426, 31, 85, 'HIST 3168 Quebec and Canada from 1791 to the Present', 'new'),
(427, 177, 326, 'CPSC 2230 Data Structures and Programming Techniques', 'heavily used'),
(428, 53, 223, 'CPSC 4190 Full Stack Web Programming', 'lightly used'),
(429, 47, 231, 'CPSC 2230 Data Structures and Programming Techniques', 'new'),
(430, 431, 205, 'CPSC 2230 Data Structures and Programming Techniques', 'new'),
(431, 203, 452, 'HIST 1125 American Architecture and Urbanism', 'new'),
(432, 431, 192, 'CPSC 1710 Introduction to AI Applications', 'new'),
(433, 3, 302, 'CPSC 1710 Introduction to AI Applications', 'lightly used'),
(434, 435, 468, 'HIST 1125 American Architecture and Urbanism', 'new'),
(435, 432, 53, 'CPSC 4190 Full Stack Web Programming', 'lightly used'),
(436, 74, 103, 'CPSC 4190 Full Stack Web Programming', 'lightly used'),
(437, 321, 385, 'CPSC 4190 Full Stack Web Programming', 'lightly used'),
(438, 46, 382, 'HIST 3168 Quebec and Canada from 1791 to the Present', 'lightly used'),
(439, 99, 112, 'CPSC 2230 Data Structures and Programming Techniques', 'heavily used'),
(440, 243, 347, 'CPSC 1710 Introduction to AI Applications', 'heavily used'),
(441, 182, 347, 'CPSC 1710 Introduction to AI Applications', 'new'),
(442, 101, 138, 'CPSC 1710 Introduction to AI Applications', 'lightly used'),
(443, 68, 285, 'HIST 3168 Quebec and Canada from 1791 to the Present', 'lightly used'),
(444, 371, 60, 'CPSC 1710 Introduction to AI Applications', 'lightly used'),
(445, 73, 102, 'CPSC 1710 Introduction to AI Applications', 'heavily used'),
(446, 353, 430, 'CPSC 4190 Full Stack Web Programming', 'new'),
(447, 66, 279, 'CPSC 1710 Introduction to AI Applications', 'lightly used'),
(448, 170, 158, 'HIST 1167 The First World War', 'heavily used'),
(449, 100, 285, 'CPSC 4190 Full Stack Web Programming', 'heavily used'),
(450, 478, 219, 'CPSC 4190 Full Stack Web Programming', 'heavily used'),
(451, 76, 290, 'HIST 3168 Quebec and Canada from 1791 to the Present', 'heavily used'),
(452, 318, 256, 'CPSC 1710 Introduction to AI Applications', 'new'),
(453, 314, 235, 'HIST 3168 Quebec and Canada from 1791 to the Present', 'new'),
(454, 215, 14, 'HIST 1167 The First World War', 'heavily used'),
(455, 63, 196, 'HIST 3168 Quebec and Canada from 1791 to the Present', 'lightly used'),
(456, 76, 412, 'HIST 1167 The First World War', 'heavily used'),
(457, 394, 447, 'HIST 1167 The First World War', 'new'),
(458, 250, 347, 'CPSC 4190 Full Stack Web Programming', 'new'),
(459, 13, 58, 'CPSC 1710 Introduction to AI Applications', 'new'),
(460, 356, 265, 'CPSC 2230 Data Structures and Programming Techniques', 'new'),
(461, 314, 182, 'CPSC 1710 Introduction to AI Applications', 'lightly used'),
(462, 407, 254, 'CPSC 1710 Introduction to AI Applications', 'heavily used'),
(463, 122, 437, 'HIST 3168 Quebec and Canada from 1791 to the Present', 'heavily used'),
(464, 164, 97, 'HIST 1125 American Architecture and Urbanism', 'heavily used'),
(465, 232, 113, 'CPSC 1710 Introduction to AI Applications', 'lightly used'),
(466, 48, 178, 'HIST 3168 Quebec and Canada from 1791 to the Present', 'new'),
(467, 16, 429, 'CPSC 1710 Introduction to AI Applications', 'heavily used'),
(468, 430, 248, 'CPSC 4190 Full Stack Web Programming', 'new'),
(469, 264, 149, 'HIST 1125 American Architecture and Urbanism', 'heavily used'),
(470, 189, 229, 'HIST 1125 American Architecture and Urbanism', 'new'),
(471, 411, 242, 'CPSC 2230 Data Structures and Programming Techniques', 'new'),
(472, 385, 2, 'HIST 1167 The First World War', 'lightly used'),
(473, 458, 289, 'HIST 1167 The First World War', 'new'),
(474, 227, 198, 'HIST 1125 American Architecture and Urbanism', 'new'),
(475, 490, 256, 'HIST 1167 The First World War', 'heavily used'),
(476, 230, 125, 'HIST 1167 The First World War', 'new'),
(477, 6, 3, 'HIST 3168 Quebec and Canada from 1791 to the Present', 'new'),
(478, 456, 475, 'CPSC 4190 Full Stack Web Programming', 'heavily used'),
(479, 413, 24, 'HIST 1125 American Architecture and Urbanism', 'heavily used'),
(480, 151, 354, 'HIST 1125 American Architecture and Urbanism', 'heavily used'),
(481, 273, 256, 'HIST 3168 Quebec and Canada from 1791 to the Present', 'heavily used'),
(482, 332, 369, 'CPSC 2230 Data Structures and Programming Techniques', 'new'),
(483, 181, 336, 'HIST 1167 The First World War', 'lightly used'),
(484, 149, 357, 'CPSC 2230 Data Structures and Programming Techniques', 'heavily used'),
(485, 146, 136, 'CPSC 1710 Introduction to AI Applications', 'heavily used'),
(486, 281, 138, 'CPSC 1710 Introduction to AI Applications', 'lightly used'),
(487, 378, 332, 'CPSC 4190 Full Stack Web Programming', 'new'),
(488, 320, 52, 'CPSC 4190 Full Stack Web Programming', 'lightly used'),
(489, 449, 88, 'HIST 1125 American Architecture and Urbanism', 'lightly used'),
(490, 65, 185, 'CPSC 1710 Introduction to AI Applications', 'lightly used'),
(491, 423, 109, 'CPSC 4190 Full Stack Web Programming', 'new'),
(492, 161, 299, 'CPSC 2230 Data Structures and Programming Techniques', 'heavily used'),
(493, 356, 375, 'HIST 1125 American Architecture and Urbanism', 'new'),
(494, 175, 232, 'HIST 1167 The First World War', 'heavily used'),
(495, 227, 380, 'HIST 3168 Quebec and Canada from 1791 to the Present', 'heavily used'),
(496, 50, 170, 'HIST 3168 Quebec and Canada from 1791 to the Present', 'heavily used'),
(497, 339, 479, 'HIST 1125 American Architecture and Urbanism', 'lightly used'),
(498, 29, 363, 'HIST 3168 Quebec and Canada from 1791 to the Present', 'lightly used'),
(499, 183, 443, 'HIST 1167 The First World War', 'lightly used'),
(500, 448, 213, 'CPSC 2230 Data Structures and Programming Techniques', 'lightly used');

-- saved_listings
insert into saved_listings (user_id, listing_id) values 
(76, 289),
(436, 271),
(314, 446),
(126, 233),
(76, 396),
(155, 176),
(139, 181),
(92, 436),
(336, 194),
(98, 24),
(44, 114),
(435, 396),
(97, 288),
(226, 41),
(442, 246),
(164, 311),
(459, 360),
(231, 235),
(108, 198),
(349, 324),
(85, 220),
(331, 52),
(96, 343),
(6, 206),
(34, 220),
(277, 402),
(443, 48),
(483, 113),
(65, 235),
(438, 362),
(268, 115),
(86, 75),
(477, 51),
(70, 309),
(315, 362),
(332, 473),
(433, 117),
(111, 463),
(473, 497),
(374, 24),
(64, 106),
(72, 473),
(346, 447),
(3, 194),
(352, 377),
(174, 94),
(435, 431),
(489, 172),
(368, 220),
(355, 11),
(398, 400),
(465, 333),
(287, 48),
(493, 97),
(223, 389),
(100, 211),
(418, 117),
(162, 24),
(414, 436),
(158, 489),
(80, 150),
(281, 113),
(156, 4),
(219, 55),
(486, 205),
(65, 175),
(322, 221),
(53, 67),
(22, 204),
(247, 46),
(104, 478),
(322, 73),
(490, 283),
(273, 140),
(117, 41),
(33, 435),
(242, 185),
(264, 333),
(496, 404),
(352, 288),
(254, 250),
(475, 202),
(393, 189),
(331, 475),
(215, 353),
(21, 47),
(412, 473),
(35, 346),
(196, 449),
(296, 173),
(111, 101),
(220, 474),
(26, 453),
(260, 416),
(210, 54),
(240, 233),
(240, 166),
(252, 243),
(92, 477),
(474, 336),
(154, 196),
(58, 5),
(119, 110),
(69, 347),
(362, 49),
(66, 269),
(431, 251),
(273, 49),
(45, 201),
(87, 484),
(175, 397),
(88, 283),
(261, 188),
(267, 353),
(80, 116),
(242, 395),
(127, 301),
(481, 68),
(125, 487),
(8, 242),
(269, 399),
(221, 444),
(151, 254),
(337, 493),
(365, 387),
(27, 496),
(35, 78),
(489, 464),
(383, 418),
(401, 93),
(495, 329),
(329, 269),
(75, 233),
(194, 418),
(252, 192),
(16, 176),
(116, 305),
(26, 411),
(277, 211),
(117, 368),
(456, 447),
(367, 309),
(161, 466),
(77, 370),
(225, 327),
(74, 244),
(2, 249),
(496, 272),
(193, 143),
(330, 27),
(57, 205),
(490, 145),
(222, 496),
(198, 170),
(125, 468),
(101, 71),
(163, 108),
(208, 381),
(426, 262),
(253, 238),
(490, 423),
(160, 268),
(231, 483),
(331, 314),
(279, 428),
(125, 62),
(374, 161),
(77, 218),
(417, 44),
(171, 279),
(409, 464),
(81, 283),
(155, 260),
(451, 454),
(113, 78),
(282, 488),
(430, 477),
(70, 70),
(266, 256),
(27, 53),
(354, 280),
(162, 290),
(264, 72),
(288, 299),
(399, 293),
(328, 232),
(56, 128),
(325, 347),
(399, 237),
(129, 216),
(32, 199),
(146, 402),
(315, 171),
(60, 344),
(80, 268),
(156, 328),
(107, 400),
(37, 162),
(449, 72),
(219, 38),
(51, 84),
(164, 52),
(27, 466),
(98, 417),
(226, 275),
(251, 348),
(498, 406),
(403, 173),
(246, 320),
(348, 482),
(438, 128),
(424, 32),
(42, 132),
(334, 345),
(19, 154),
(334, 274),
(340, 403),
(238, 57),
(309, 160),
(293, 208),
(224, 457),
(265, 313),
(220, 413),
(325, 480),
(373, 496),
(13, 152),
(229, 377),
(101, 271),
(145, 195),
(325, 177),
(441, 398),
(6, 109),
(360, 64),
(476, 4),
(167, 356),
(310, 292),
(397, 121),
(282, 399),
(189, 408),
(355, 106),
(245, 279),
(71, 276),
(7, 272),
(51, 334),
(91, 214),
(414, 33),
(418, 166),
(162, 389),
(44, 249),
(458, 428),
(262, 250),
(405, 132),
(26, 107),
(162, 209),
(390, 306),
(201, 468),
(20, 142),
(358, 40),
(158, 287),
(375, 138),
(124, 156),
(307, 191),
(184, 314),
(377, 104),
(14, 412),
(294, 372),
(479, 186),
(496, 340),
(12, 59),
(235, 98),
(49, 212),
(352, 62),
(214, 122),
(281, 241),
(87, 28),
(40, 469),
(470, 315),
(6, 136),
(176, 484),
(68, 96),
(222, 6),
(420, 182),
(62, 291),
(172, 237),
(167, 187),
(1, 128),
(112, 485),
(159, 294),
(110, 35),
(239, 197),
(80, 421),
(193, 439),
(461, 120),
(62, 448),
(260, 409),
(46, 445),
(217, 11),
(190, 179),
(223, 447),
(209, 239),
(499, 45),
(290, 125),
(463, 212),
(28, 448),
(336, 332),
(181, 246),
(305, 59),
(378, 361),
(232, 493),
(50, 176),
(183, 264),
(12, 220),
(341, 40),
(359, 141),
(113, 178),
(439, 86),
(177, 48),
(470, 305),
(61, 455),
(288, 234),
(59, 449),
(96, 108),
(202, 249),
(28, 34),
(258, 435),
(112, 310),
(430, 48),
(131, 160),
(301, 175),
(149, 168),
(43, 389),
(438, 319),
(296, 460),
(281, 281),
(344, 35),
(281, 267),
(78, 482),
(477, 487),
(225, 258),
(195, 238),
(393, 194),
(431, 471),
(186, 123),
(211, 289),
(346, 79),
(497, 267),
(340, 356),
(401, 400),
(264, 156),
(416, 36),
(446, 409),
(38, 458),
(19, 420),
(36, 383),
(456, 29),
(324, 204),
(187, 192),
(435, 201),
(118, 220),
(441, 396),
(294, 195),
(267, 282),
(365, 308),
(10, 387),
(491, 166),
(46, 329),
(311, 117),
(82, 187),
(79, 184),
(215, 47),
(390, 214),
(130, 198),
(364, 118),
(380, 241),
(105, 487),
(144, 340),
(292, 386),
(268, 239),
(156, 404),
(367, 359),
(32, 62),
(486, 81),
(267, 98),
(266, 495),
(388, 316),
(170, 146),
(90, 99),
(60, 429),
(452, 221),
(352, 284),
(433, 129),
(178, 329),
(234, 479),
(466, 416),
(273, 362),
(55, 250),
(233, 269),
(396, 434),
(271, 183),
(35, 142),
(473, 309),
(213, 437),
(159, 265),
(359, 159),
(175, 86),
(3, 389),
(85, 317),
(363, 170),
(128, 483),
(327, 67),
(59, 144),
(431, 1),
(298, 140),
(304, 196),
(281, 481),
(434, 65),
(19, 379),
(469, 495),
(198, 400),
(301, 264),
(299, 460),
(162, 147),
(93, 452),
(348, 97),
(42, 86),
(321, 124),
(60, 424),
(491, 272),
(53, 415),
(441, 444),
(299, 120),
(274, 322),
(370, 87),
(164, 199),
(206, 235),
(377, 115),
(284, 61),
(412, 16),
(448, 325),
(332, 67),
(322, 229),
(177, 108),
(109, 495),
(71, 363),
(152, 445),
(78, 398),
(433, 73),
(126, 365),
(229, 477),
(482, 219),
(335, 7),
(178, 489),
(87, 78),
(58, 403),
(466, 211),
(268, 25),
(203, 162),
(224, 38),
(19, 264),
(282, 36),
(114, 311),
(391, 5),
(402, 282),
(92, 420),
(112, 186),
(92, 498),
(242, 342),
(419, 3),
(35, 113),
(261, 245),
(451, 229),
(437, 322),
(255, 365),
(34, 334),
(215, 201),
(230, 243),
(412, 347),
(26, 209),
(395, 157),
(107, 38),
(415, 204),
(461, 388),
(284, 37),
(92, 449),
(391, 63),
(203, 154),
(329, 376),
(55, 23),
(327, 22),
(263, 158),
(424, 474),
(384, 499),
(400, 31),
(73, 351),
(7, 239),
(360, 417),
(156, 66),
(160, 93),
(431, 131),
(159, 469);